id,p1,p2,p3,p4,p5,p6,p7,p8,p9,p10,p11,p12,p13,p14,p15,p16,p17,p18,p19
1,6,0,0,0,0,0,0,0,0,0,0,0,0,0,0,0,0,0,0
2,6,0,0,0,0,0,0,0,0,0,0,0,0,0,0,0,0,0,0
5,3,6,14,39,0,0,0,0,0,0,0,0,0,0,0,0,0,0,0
6,3,6,14,0,0,0,0,0,0,0,0,0,0,0,0,0,0,0,0
9,3,6,16,0,0,0,0,0,0,0,0,0,0,0,0,0,0,0,0
11,6,0,0,0,0,0,0,0,0,0,0,0,0,0,0,0,0,0,0
13,6,13,14,0,0,0,0,0,0,0,0,0,0,0,0,0,0,0,0
14,6,14,0,0,0,0,0,0,0,0,0,0,0,0,0,0,0,0,0
16,6,9,12,0,0,0,0,0,0,0,0,0,0,0,0,0,0,0,0
18,6,8,9,11,12,14,34,39,48,0,0,0,0,0,0,0,0,0,0
19,6,8,9,11,12,0,0,0,0,0,0,0,0,0,0,0,0,0,0
20,6,9,12,14,39,0,0,0,0,0,0,0,0,0,0,0,0,0,0
22,6,14,0,0,0,0,0,0,0,0,0,0,0,0,0,0,0,0,0
23,13,14,0,0,0,0,0,0,0,0,0,0,0,0,0,0,0,0,0
24,6,7,13,16,0,0,0,0,0,0,0,0,0,0,0,0,0,0,0
35,6,13,14,34,0,0,0,0,0,0,0,0,0,0,0,0,0,0,0
36,6,0,0,0,0,0,0,0,0,0,0,0,0,0,0,0,0,0,0
37,6,9,12,0,0,0,0,0,0,0,0,0,0,0,0,0,0,0,0
38,6,9,12,0,0,0,0,0,0,0,0,0,0,0,0,0,0,0,0
39,6,8,11,0,0,0,0,0,0,0,0,0,0,0,0,0,0,0,0
41,6,8,9,14,0,0,0,0,0,0,0,0,0,0,0,0,0,0,0
50,13,16,0,0,0,0,0,0,0,0,0,0,0,0,0,0,0,0,0
56,6,11,0,0,0,0,0,0,0,0,0,0,0,0,0,0,0,0,0
59,6,9,12,0,0,0,0,0,0,0,0,0,0,0,0,0,0,0,0
60,13,14,16,63,78,118,0,0,0,0,0,0,0,0,0,0,0,0,0
61,13,14,16,0,0,0,0,0,0,0,0,0,0,0,0,0,0,0,0
62,6,0,0,0,0,0,0,0,0,0,0,0,0,0,0,0,0,0,0
65,6,9,12,14,39,0,0,0,0,0,0,0,0,0,0,0,0,0,0
66,6,9,12,39,0,0,0,0,0,0,0,0,0,0,0,0,0,0,0
67,13,14,0,0,0,0,0,0,0,0,0,0,0,0,0,0,0,0,0
68,6,13,14,0,0,0,0,0,0,0,0,0,0,0,0,0,0,0,0
71,3,6,9,12,14,34,0,0,0,0,0,0,0,0,0,0,0,0,0
72,3,6,9,12,14,0,0,0,0,0,0,0,0,0,0,0,0,0,0
73,6,9,12,0,0,0,0,0,0,0,0,0,0,0,0,0,0,0,0
74,6,9,12,0,0,0,0,0,0,0,0,0,0,0,0,0,0,0,0
75,6,9,12,41,0,0,0,0,0,0,0,0,0,0,0,0,0,0,0
76,6,9,12,14,0,0,0,0,0,0,0,0,0,0,0,0,0,0,0
86,13,16,29,116,0,0,0,0,0,0,0,0,0,0,0,0,0,0,0
116,6,11,14,34,39,130,0,0,0,0,0,0,0,0,0,0,0,0,0
118,3,6,11,14,39,0,0,0,0,0,0,0,0,0,0,0,0,0,0
123,6,14,0,0,0,0,0,0,0,0,0,0,0,0,0,0,0,0,0
126,6,14,0,0,0,0,0,0,0,0,0,0,0,0,0,0,0,0,0
127,6,9,12,14,39,0,0,0,0,0,0,0,0,0,0,0,0,0,0
130,6,7,13,14,32,0,0,0,0,0,0,0,0,0,0,0,0,0,0
132,6,14,0,0,0,0,0,0,0,0,0,0,0,0,0,0,0,0,0
133,6,14,0,0,0,0,0,0,0,0,0,0,0,0,0,0,0,0,0
142,6,8,11,38,0,0,0,0,0,0,0,0,0,0,0,0,0,0,0
166,13,14,0,0,0,0,0,0,0,0,0,0,0,0,0,0,0,0,0
169,6,0,0,0,0,0,0,0,0,0,0,0,0,0,0,0,0,0,0
181,6,0,0,0,0,0,0,0,0,0,0,0,0,0,0,0,0,0,0
184,3,6,13,14,16,0,0,0,0,0,0,0,0,0,0,0,0,0,0
191,3,6,13,14,16,63,150,0,0,0,0,0,0,0,0,0,0,0,0
192,6,13,14,15,16,18,63,75,0,0,0,0,0,0,0,0,0,0,0
193,13,14,16,0,0,0,0,0,0,0,0,0,0,0,0,0,0,0,0
202,3,6,13,14,0,0,0,0,0,0,0,0,0,0,0,0,0,0,0
207,3,6,13,14,0,0,0,0,0,0,0,0,0,0,0,0,0,0,0
222,6,13,0,0,0,0,0,0,0,0,0,0,0,0,0,0,0,0,0
227,6,14,0,0,0,0,0,0,0,0,0,0,0,0,0,0,0,0,0
228,6,14,0,0,0,0,0,0,0,0,0,0,0,0,0,0,0,0,0
230,6,14,0,0,0,0,0,0,0,0,0,0,0,0,0,0,0,0,0
231,3,6,8,14,0,0,0,0,0,0,0,0,0,0,0,0,0,0,0
233,3,6,9,11,12,14,34,0,0,0,0,0,0,0,0,0,0,0,0
239,6,14,0,0,0,0,0,0,0,0,0,0,0,0,0,0,0,0,0
245,6,0,0,0,0,0,0,0,0,0,0,0,0,0,0,0,0,0,0
246,6,14,0,0,0,0,0,0,0,0,0,0,0,0,0,0,0,0,0
247,3,6,9,12,14,0,0,0,0,0,0,0,0,0,0,0,0,0,0
255,6,0,0,0,0,0,0,0,0,0,0,0,0,0,0,0,0,0,0
257,6,0,0,0,0,0,0,0,0,0,0,0,0,0,0,0,0,0,0
272,3,6,8,14,23,0,0,0,0,0,0,0,0,0,0,0,0,0,0
285,3,6,7,14,0,0,0,0,0,0,0,0,0,0,0,0,0,0,0
288,6,11,0,0,0,0,0,0,0,0,0,0,0,0,0,0,0,0,0
293,6,14,0,0,0,0,0,0,0,0,0,0,0,0,0,0,0,0,0
295,6,7,9,13,38,0,0,0,0,0,0,0,0,0,0,0,0,0,0
303,6,0,0,0,0,0,0,0,0,0,0,0,0,0,0,0,0,0,0
312,6,12,13,14,24,44,130,0,0,0,0,0,0,0,0,0,0,0,0
316,6,0,0,0,0,0,0,0,0,0,0,0,0,0,0,0,0,0,0
322,6,0,0,0,0,0,0,0,0,0,0,0,0,0,0,0,0,0,0
327,6,8,14,0,0,0,0,0,0,0,0,0,0,0,0,0,0,0,0
339,6,9,12,14,0,0,0,0,0,0,0,0,0,0,0,0,0,0,0
363,6,13,14,0,0,0,0,0,0,0,0,0,0,0,0,0,0,0,0
364,3,6,14,0,0,0,0,0,0,0,0,0,0,0,0,0,0,0,0
365,6,0,0,0,0,0,0,0,0,0,0,0,0,0,0,0,0,0,0
366,6,0,0,0,0,0,0,0,0,0,0,0,0,0,0,0,0,0,0
375,6,7,9,38,0,0,0,0,0,0,0,0,0,0,0,0,0,0,0
376,6,8,9,11,12,46,0,0,0,0,0,0,0,0,0,0,0,0,0
379,8,0,0,0,0,0,0,0,0,0,0,0,0,0,0,0,0,0,0
380,9,0,0,0,0,0,0,0,0,0,0,0,0,0,0,0,0,0,0
394,9,34,38,39,0,0,0,0,0,0,0,0,0,0,0,0,0,0,0
398,8,0,0,0,0,0,0,0,0,0,0,0,0,0,0,0,0,0,0
403,20,33,130,0,0,0,0,0,0,0,0,0,0,0,0,0,0,0,0
418,8,0,0,0,0,0,0,0,0,0,0,0,0,0,0,0,0,0,0
421,7,9,0,0,0,0,0,0,0,0,0,0,0,0,0,0,0,0,0
426,5,7,41,58,0,0,0,0,0,0,0,0,0,0,0,0,0,0,0
427,6,7,34,39,48,49,130,0,0,0,0,0,0,0,0,0,0,0,0
428,7,9,0,0,0,0,0,0,0,0,0,0,0,0,0,0,0,0,0
434,9,12,0,0,0,0,0,0,0,0,0,0,0,0,0,0,0,0,0
436,6,0,0,0,0,0,0,0,0,0,0,0,0,0,0,0,0,0,0
440,3,6,14,0,0,0,0,0,0,0,0,0,0,0,0,0,0,0,0
448,6,11,0,0,0,0,0,0,0,0,0,0,0,0,0,0,0,0,0
449,6,0,0,0,0,0,0,0,0,0,0,0,0,0,0,0,0,0,0
456,6,14,0,0,0,0,0,0,0,0,0,0,0,0,0,0,0,0,0
457,6,14,0,0,0,0,0,0,0,0,0,0,0,0,0,0,0,0,0
458,6,14,0,0,0,0,0,0,0,0,0,0,0,0,0,0,0,0,0
460,6,13,14,16,39,0,0,0,0,0,0,0,0,0,0,0,0,0,0
472,6,9,12,0,0,0,0,0,0,0,0,0,0,0,0,0,0,0,0
474,6,8,11,0,0,0,0,0,0,0,0,0,0,0,0,0,0,0,0
479,8,0,0,0,0,0,0,0,0,0,0,0,0,0,0,0,0,0,0
481,6,8,11,0,0,0,0,0,0,0,0,0,0,0,0,0,0,0,0
499,9,48,0,0,0,0,0,0,0,0,0,0,0,0,0,0,0,0,0
500,6,9,12,72,0,0,0,0,0,0,0,0,0,0,0,0,0,0,0
501,6,9,12,113,0,0,0,0,0,0,0,0,0,0,0,0,0,0,0
512,9,0,0,0,0,0,0,0,0,0,0,0,0,0,0,0,0,0,0
533,6,9,12,48,49,0,0,0,0,0,0,0,0,0,0,0,0,0,0
538,3,6,9,12,14,48,49,130,0,0,0,0,0,0,0,0,0,0,0
551,8,0,0,0,0,0,0,0,0,0,0,0,0,0,0,0,0,0,0
565,9,0,0,0,0,0,0,0,0,0,0,0,0,0,0,0,0,0,0
634,6,7,14,0,0,0,0,0,0,0,0,0,0,0,0,0,0,0,0
640,6,0,0,0,0,0,0,0,0,0,0,0,0,0,0,0,0,0,0
647,4,6,7,13,14,32,0,0,0,0,0,0,0,0,0,0,0,0,0
653,6,8,11,14,0,0,0,0,0,0,0,0,0,0,0,0,0,0,0
654,6,39,0,0,0,0,0,0,0,0,0,0,0,0,0,0,0,0,0
657,6,0,0,0,0,0,0,0,0,0,0,0,0,0,0,0,0,0,0
717,6,14,38,0,0,0,0,0,0,0,0,0,0,0,0,0,0,0,0
721,6,0,0,0,0,0,0,0,0,0,0,0,0,0,0,0,0,0,0
728,13,0,0,0,0,0,0,0,0,0,0,0,0,0,0,0,0,0,0
730,6,8,11,14,34,39,48,0,0,0,0,0,0,0,0,0,0,0,0
732,6,8,9,11,12,14,34,39,48,0,0,0,0,0,0,0,0,0,0
733,6,8,11,14,34,39,48,0,0,0,0,0,0,0,0,0,0,0,0
736,6,0,0,0,0,0,0,0,0,0,0,0,0,0,0,0,0,0,0
741,6,14,0,0,0,0,0,0,0,0,0,0,0,0,0,0,0,0,0
750,6,14,0,0,0,0,0,0,0,0,0,0,0,0,0,0,0,0,0
767,3,6,0,0,0,0,0,0,0,0,0,0,0,0,0,0,0,0,0
782,6,9,12,0,0,0,0,0,0,0,0,0,0,0,0,0,0,0,0
788,6,0,0,0,0,0,0,0,0,0,0,0,0,0,0,0,0,0,0
790,6,0,0,0,0,0,0,0,0,0,0,0,0,0,0,0,0,0,0
794,13,0,0,0,0,0,0,0,0,0,0,0,0,0,0,0,0,0,0
796,6,8,11,21,38,0,0,0,0,0,0,0,0,0,0,0,0,0,0
797,6,8,11,14,0,0,0,0,0,0,0,0,0,0,0,0,0,0,0
815,6,8,11,24,0,0,0,0,0,0,0,0,0,0,0,0,0,0,0
817,6,7,19,29,32,0,0,0,0,0,0,0,0,0,0,0,0,0,0
820,6,14,0,0,0,0,0,0,0,0,0,0,0,0,0,0,0,0,0
824,6,8,9,12,0,0,0,0,0,0,0,0,0,0,0,0,0,0,0
827,6,0,0,0,0,0,0,0,0,0,0,0,0,0,0,0,0,0,0
832,3,6,14,39,0,0,0,0,0,0,0,0,0,0,0,0,0,0,0
841,6,11,0,0,0,0,0,0,0,0,0,0,0,0,0,0,0,0,0
842,6,0,0,0,0,0,0,0,0,0,0,0,0,0,0,0,0,0,0
851,3,6,14,0,0,0,0,0,0,0,0,0,0,0,0,0,0,0,0
863,3,6,14,0,0,0,0,0,0,0,0,0,0,0,0,0,0,0,0
866,3,6,14,0,0,0,0,0,0,0,0,0,0,0,0,0,0,0,0
902,6,7,13,14,16,19,63,0,0,0,0,0,0,0,0,0,0,0,0
911,6,8,11,21,37,42,55,0,0,0,0,0,0,0,0,0,0,0,0
913,4,6,7,11,14,22,23,24,39,0,0,0,0,0,0,0,0,0,0
916,6,13,14,0,0,0,0,0,0,0,0,0,0,0,0,0,0,0,0
934,6,7,9,13,14,0,0,0,0,0,0,0,0,0,0,0,0,0,0
935,6,24,0,0,0,0,0,0,0,0,0,0,0,0,0,0,0,0,0
955,13,14,0,0,0,0,0,0,0,0,0,0,0,0,0,0,0,0,0
974,5,6,8,9,12,21,0,0,0,0,0,0,0,0,0,0,0,0,0
987,6,12,49,0,0,0,0,0,0,0,0,0,0,0,0,0,0,0,0
990,6,12,49,0,0,0,0,0,0,0,0,0,0,0,0,0,0,0,0
1009,9,0,0,0,0,0,0,0,0,0,0,0,0,0,0,0,0,0,0
1020,6,9,12,48,49,167,169,0,0,0,0,0,0,0,0,0,0,0,0
1026,5,19,41,58,137,306,0,0,0,0,0,0,0,0,0,0,0,0,0
1027,22,37,0,0,0,0,0,0,0,0,0,0,0,0,0,0,0,0,0
1028,33,0,0,0,0,0,0,0,0,0,0,0,0,0,0,0,0,0,0
1029,4,5,41,0,0,0,0,0,0,0,0,0,0,0,0,0,0,0,0
1030,4,5,41,0,0,0,0,0,0,0,0,0,0,0,0,0,0,0,0
1033,21,0,0,0,0,0,0,0,0,0,0,0,0,0,0,0,0,0,0
1036,21,0,0,0,0,0,0,0,0,0,0,0,0,0,0,0,0,0,0
1039,37,0,0,0,0,0,0,0,0,0,0,0,0,0,0,0,0,0,0
1046,6,13,50,0,0,0,0,0,0,0,0,0,0,0,0,0,0,0,0
1068,5,18,37,41,99,0,0,0,0,0,0,0,0,0,0,0,0,0,0
1070,5,19,41,58,137,0,0,0,0,0,0,0,0,0,0,0,0,0,0
1073,19,58,306,0,0,0,0,0,0,0,0,0,0,0,0,0,0,0,0
1074,4,5,41,0,0,0,0,0,0,0,0,0,0,0,0,0,0,0,0
1077,5,41,0,0,0,0,0,0,0,0,0,0,0,0,0,0,0,0,0
1078,5,41,0,0,0,0,0,0,0,0,0,0,0,0,0,0,0,0,0
1090,5,19,41,58,137,0,0,0,0,0,0,0,0,0,0,0,0,0,0
1092,5,19,24,37,41,58,137,0,0,0,0,0,0,0,0,0,0,0,0
1103,5,19,37,41,130,137,0,0,0,0,0,0,0,0,0,0,0,0,0
1105,5,21,41,0,0,0,0,0,0,0,0,0,0,0,0,0,0,0,0
1107,24,41,0,0,0,0,0,0,0,0,0,0,0,0,0,0,0,0,0
1108,21,0,0,0,0,0,0,0,0,0,0,0,0,0,0,0,0,0,0
1111,5,41,0,0,0,0,0,0,0,0,0,0,0,0,0,0,0,0,0
1112,5,41,0,0,0,0,0,0,0,0,0,0,0,0,0,0,0,0,0
1115,27,41,0,0,0,0,0,0,0,0,0,0,0,0,0,0,0,0,0
1128,7,9,12,32,34,38,39,46,0,0,0,0,0,0,0,0,0,0,0
1134,24,41,0,0,0,0,0,0,0,0,0,0,0,0,0,0,0,0,0
1173,24,41,0,0,0,0,0,0,0,0,0,0,0,0,0,0,0,0,0
1179,22,37,0,0,0,0,0,0,0,0,0,0,0,0,0,0,0,0,0
1200,58,0,0,0,0,0,0,0,0,0,0,0,0,0,0,0,0,0,0
1204,6,8,9,21,0,0,0,0,0,0,0,0,0,0,0,0,0,0,0
1215,8,48,0,0,0,0,0,0,0,0,0,0,0,0,0,0,0,0,0
1217,6,23,48,49,0,0,0,0,0,0,0,0,0,0,0,0,0,0,0
1221,8,0,0,0,0,0,0,0,0,0,0,0,0,0,0,0,0,0,0
1224,38,0,0,0,0,0,0,0,0,0,0,0,0,0,0,0,0,0,0
1229,8,0,0,0,0,0,0,0,0,0,0,0,0,0,0,0,0,0,0
1230,5,6,29,0,0,0,0,0,0,0,0,0,0,0,0,0,0,0,0
1233,5,64,0,0,0,0,0,0,0,0,0,0,0,0,0,0,0,0,0
1250,6,13,14,0,0,0,0,0,0,0,0,0,0,0,0,0,0,0,0
1251,6,13,14,0,0,0,0,0,0,0,0,0,0,0,0,0,0,0,0
1253,19,0,0,0,0,0,0,0,0,0,0,0,0,0,0,0,0,0,0
1255,6,0,0,0,0,0,0,0,0,0,0,0,0,0,0,0,0,0,0
1260,12,0,0,0,0,0,0,0,0,0,0,0,0,0,0,0,0,0,0
1271,5,8,9,0,0,0,0,0,0,0,0,0,0,0,0,0,0,0,0
1272,5,6,13,14,15,16,25,26,63,69,116,118,121,134,149,0,0,0,0
1341,6,8,11,21,0,0,0,0,0,0,0,0,0,0,0,0,0,0,0
1346,7,9,0,0,0,0,0,0,0,0,0,0,0,0,0,0,0,0,0
1348,20,39,0,0,0,0,0,0,0,0,0,0,0,0,0,0,0,0,0
1352,6,9,39,48,0,0,0,0,0,0,0,0,0,0,0,0,0,0,0
1357,16,19,52,58,63,0,0,0,0,0,0,0,0,0,0,0,0,0,0
1370,6,0,0,0,0,0,0,0,0,0,0,0,0,0,0,0,0,0,0
1371,6,0,0,0,0,0,0,0,0,0,0,0,0,0,0,0,0,0,0
1399,20,0,0,0,0,0,0,0,0,0,0,0,0,0,0,0,0,0,0
1428,5,6,20,24,0,0,0,0,0,0,0,0,0,0,0,0,0,0,0
1433,5,37,41,99,0,0,0,0,0,0,0,0,0,0,0,0,0,0,0
1436,5,41,58,130,0,0,0,0,0,0,0,0,0,0,0,0,0,0,0
1437,5,41,58,0,0,0,0,0,0,0,0,0,0,0,0,0,0,0,0
1439,24,41,0,0,0,0,0,0,0,0,0,0,0,0,0,0,0,0,0
1440,24,37,41,0,0,0,0,0,0,0,0,0,0,0,0,0,0,0,0
1442,5,0,0,0,0,0,0,0,0,0,0,0,0,0,0,0,0,0,0
1443,37,0,0,0,0,0,0,0,0,0,0,0,0,0,0,0,0,0,0
1454,6,7,9,38,46,0,0,0,0,0,0,0,0,0,0,0,0,0,0
1463,4,0,0,0,0,0,0,0,0,0,0,0,0,0,0,0,0,0,0
1466,12,0,0,0,0,0,0,0,0,0,0,0,0,0,0,0,0,0,0
1498,7,20,58,123,0,0,0,0,0,0,0,0,0,0,0,0,0,0,0
1511,33,37,0,0,0,0,0,0,0,0,0,0,0,0,0,0,0,0,0
1513,22,37,0,0,0,0,0,0,0,0,0,0,0,0,0,0,0,0,0
1514,22,37,0,0,0,0,0,0,0,0,0,0,0,0,0,0,0,0,0
1517,24,0,0,0,0,0,0,0,0,0,0,0,0,0,0,0,0,0,0
1518,20,0,0,0,0,0,0,0,0,0,0,0,0,0,0,0,0,0,0
1520,20,0,0,0,0,0,0,0,0,0,0,0,0,0,0,0,0,0,0
1545,46,0,0,0,0,0,0,0,0,0,0,0,0,0,0,0,0,0,0
1551,23,52,0,0,0,0,0,0,0,0,0,0,0,0,0,0,0,0,0
1556,20,0,0,0,0,0,0,0,0,0,0,0,0,0,0,0,0,0,0
1558,22,37,0,0,0,0,0,0,0,0,0,0,0,0,0,0,0,0,0
1600,8,0,0,0,0,0,0,0,0,0,0,0,0,0,0,0,0,0,0
1601,8,0,0,0,0,0,0,0,0,0,0,0,0,0,0,0,0,0,0
1627,21,0,0,0,0,0,0,0,0,0,0,0,0,0,0,0,0,0,0
1638,4,0,0,0,0,0,0,0,0,0,0,0,0,0,0,0,0,0,0
1671,32,0,0,0,0,0,0,0,0,0,0,0,0,0,0,0,0,0,0
1692,24,41,0,0,0,0,0,0,0,0,0,0,0,0,0,0,0,0,0
1698,22,37,0,0,0,0,0,0,0,0,0,0,0,0,0,0,0,0,0
1706,5,41,0,0,0,0,0,0,0,0,0,0,0,0,0,0,0,0,0
1715,5,7,18,37,39,41,51,0,0,0,0,0,0,0,0,0,0,0,0
1741,5,13,19,37,39,41,58,137,0,0,0,0,0,0,0,0,0,0,0
1754,6,7,38,0,0,0,0,0,0,0,0,0,0,0,0,0,0,0,0
1757,24,41,0,0,0,0,0,0,0,0,0,0,0,0,0,0,0,0,0
1758,24,41,0,0,0,0,0,0,0,0,0,0,0,0,0,0,0,0,0
1779,20,0,0,0,0,0,0,0,0,0,0,0,0,0,0,0,0,0,0
1780,20,0,0,0,0,0,0,0,0,0,0,0,0,0,0,0,0,0,0
1786,20,0,0,0,0,0,0,0,0,0,0,0,0,0,0,0,0,0,0
1802,5,6,7,9,19,20,34,58,0,0,0,0,0,0,0,0,0,0,0
1804,7,9,0,0,0,0,0,0,0,0,0,0,0,0,0,0,0,0,0
1814,18,22,34,37,39,48,55,130,0,0,0,0,0,0,0,0,0,0,0
1816,8,20,34,39,58,0,0,0,0,0,0,0,0,0,0,0,0,0,0
1819,8,34,39,0,0,0,0,0,0,0,0,0,0,0,0,0,0,0,0
1840,6,0,0,0,0,0,0,0,0,0,0,0,0,0,0,0,0,0,0
1864,9,130,0,0,0,0,0,0,0,0,0,0,0,0,0,0,0,0,0
1871,3,6,9,12,14,34,39,46,48,49,130,0,0,0,0,0,0,0,0
1904,3,6,14,0,0,0,0,0,0,0,0,0,0,0,0,0,0,0,0
1934,13,14,16,0,0,0,0,0,0,0,0,0,0,0,0,0,0,0,0
1942,6,48,49,130,0,0,0,0,0,0,0,0,0,0,0,0,0,0,0
1955,6,14,0,0,0,0,0,0,0,0,0,0,0,0,0,0,0,0,0
1968,6,9,12,48,49,170,0,0,0,0,0,0,0,0,0,0,0,0,0
1985,6,9,12,48,49,0,0,0,0,0,0,0,0,0,0,0,0,0,0
2012,3,6,0,0,0,0,0,0,0,0,0,0,0,0,0,0,0,0,0
2025,3,6,14,48,49,0,0,0,0,0,0,0,0,0,0,0,0,0,0
2037,6,0,0,0,0,0,0,0,0,0,0,0,0,0,0,0,0,0,0
2054,6,8,11,38,0,0,0,0,0,0,0,0,0,0,0,0,0,0,0
2133,9,0,0,0,0,0,0,0,0,0,0,0,0,0,0,0,0,0,0
2135,41,130,0,0,0,0,0,0,0,0,0,0,0,0,0,0,0,0,0
2143,8,11,21,0,0,0,0,0,0,0,0,0,0,0,0,0,0,0,0
2144,8,11,21,0,0,0,0,0,0,0,0,0,0,0,0,0,0,0,0
2148,4,12,0,0,0,0,0,0,0,0,0,0,0,0,0,0,0,0,0
2155,6,9,12,0,0,0,0,0,0,0,0,0,0,0,0,0,0,0,0
2164,6,7,0,0,0,0,0,0,0,0,0,0,0,0,0,0,0,0,0
2180,41,0,0,0,0,0,0,0,0,0,0,0,0,0,0,0,0,0,0
2194,5,41,0,0,0,0,0,0,0,0,0,0,0,0,0,0,0,0,0
2200,13,15,16,63,75,0,0,0,0,0,0,0,0,0,0,0,0,0,0
2201,13,14,15,16,19,25,26,27,29,63,115,0,0,0,0,0,0,0,0
2207,8,0,0,0,0,0,0,0,0,0,0,0,0,0,0,0,0,0,0
2229,13,0,0,0,0,0,0,0,0,0,0,0,0,0,0,0,0,0,0
2240,5,21,41,0,0,0,0,0,0,0,0,0,0,0,0,0,0,0,0
2259,5,0,0,0,0,0,0,0,0,0,0,0,0,0,0,0,0,0,0
2261,6,0,0,0,0,0,0,0,0,0,0,0,0,0,0,0,0,0,0
2262,6,0,0,0,0,0,0,0,0,0,0,0,0,0,0,0,0,0,0
2266,5,46,0,0,0,0,0,0,0,0,0,0,0,0,0,0,0,0,0
2274,3,6,14,0,0,0,0,0,0,0,0,0,0,0,0,0,0,0,0
2276,41,0,0,0,0,0,0,0,0,0,0,0,0,0,0,0,0,0,0
2283,6,0,0,0,0,0,0,0,0,0,0,0,0,0,0,0,0,0,0
2295,13,14,15,16,63,75,0,0,0,0,0,0,0,0,0,0,0,0,0
2350,41,0,0,0,0,0,0,0,0,0,0,0,0,0,0,0,0,0,0
2364,5,41,0,0,0,0,0,0,0,0,0,0,0,0,0,0,0,0,0
2413,6,8,14,0,0,0,0,0,0,0,0,0,0,0,0,0,0,0,0
2445,13,0,0,0,0,0,0,0,0,0,0,0,0,0,0,0,0,0,0
2481,6,0,0,0,0,0,0,0,0,0,0,0,0,0,0,0,0,0,0
2528,13,118,157,0,0,0,0,0,0,0,0,0,0,0,0,0,0,0,0
2541,5,12,0,0,0,0,0,0,0,0,0,0,0,0,0,0,0,0,0
2591,4,5,41,0,0,0,0,0,0,0,0,0,0,0,0,0,0,0,0
2617,13,20,0,0,0,0,0,0,0,0,0,0,0,0,0,0,0,0,0
2687,37,0,0,0,0,0,0,0,0,0,0,0,0,0,0,0,0,0,0
2692,5,8,9,12,0,0,0,0,0,0,0,0,0,0,0,0,0,0,0
2693,5,9,12,0,0,0,0,0,0,0,0,0,0,0,0,0,0,0,0
2853,3,6,9,12,14,0,0,0,0,0,0,0,0,0,0,0,0,0,0
2878,6,13,14,15,16,18,27,39,63,64,65,75,77,118,121,125,149,152,0
2895,3,6,13,0,0,0,0,0,0,0,0,0,0,0,0,0,0,0,0
2899,19,41,137,0,0,0,0,0,0,0,0,0,0,0,0,0,0,0,0
2900,6,13,0,0,0,0,0,0,0,0,0,0,0,0,0,0,0,0,0
2909,37,0,0,0,0,0,0,0,0,0,0,0,0,0,0,0,0,0,0
2912,6,13,14,0,0,0,0,0,0,0,0,0,0,0,0,0,0,0,0
2922,6,14,0,0,0,0,0,0,0,0,0,0,0,0,0,0,0,0,0
2951,13,15,16,18,25,26,27,63,69,75,116,134,155,0,0,0,0,0,0
2968,8,9,32,0,0,0,0,0,0,0,0,0,0,0,0,0,0,0,0
2985,6,46,0,0,0,0,0,0,0,0,0,0,0,0,0,0,0,0,0
3000,29,0,0,0,0,0,0,0,0,0,0,0,0,0,0,0,0,0,0
3023,6,14,0,0,0,0,0,0,0,0,0,0,0,0,0,0,0,0,0
3029,6,9,12,46,48,130,0,0,0,0,0,0,0,0,0,0,0,0,0
3036,6,9,12,0,0,0,0,0,0,0,0,0,0,0,0,0,0,0,0
3047,12,0,0,0,0,0,0,0,0,0,0,0,0,0,0,0,0,0,0
3067,3,6,0,0,0,0,0,0,0,0,0,0,0,0,0,0,0,0,0
3084,6,0,0,0,0,0,0,0,0,0,0,0,0,0,0,0,0,0,0
3088,6,9,12,14,48,49,0,0,0,0,0,0,0,0,0,0,0,0,0
3102,3,6,14,41,48,49,0,0,0,0,0,0,0,0,0,0,0,0,0
3126,6,0,0,0,0,0,0,0,0,0,0,0,0,0,0,0,0,0,0
3127,7,0,0,0,0,0,0,0,0,0,0,0,0,0,0,0,0,0,0
3141,13,14,15,16,18,25,26,63,75,115,0,0,0,0,0,0,0,0,0
3197,5,6,29,0,0,0,0,0,0,0,0,0,0,0,0,0,0,0,0
3216,5,19,34,39,41,0,0,0,0,0,0,0,0,0,0,0,0,0,0
3230,6,14,0,0,0,0,0,0,0,0,0,0,0,0,0,0,0,0,0
3272,3,6,14,0,0,0,0,0,0,0,0,0,0,0,0,0,0,0,0
3319,23,0,0,0,0,0,0,0,0,0,0,0,0,0,0,0,0,0,0
3322,12,0,0,0,0,0,0,0,0,0,0,0,0,0,0,0,0,0,0
3340,4,5,41,0,0,0,0,0,0,0,0,0,0,0,0,0,0,0,0
3349,21,0,0,0,0,0,0,0,0,0,0,0,0,0,0,0,0,0,0
3351,24,41,0,0,0,0,0,0,0,0,0,0,0,0,0,0,0,0,0
3363,20,0,0,0,0,0,0,0,0,0,0,0,0,0,0,0,0,0,0
3378,4,41,0,0,0,0,0,0,0,0,0,0,0,0,0,0,0,0,0
3380,7,9,38,46,0,0,0,0,0,0,0,0,0,0,0,0,0,0,0
3384,21,0,0,0,0,0,0,0,0,0,0,0,0,0,0,0,0,0,0
3405,37,0,0,0,0,0,0,0,0,0,0,0,0,0,0,0,0,0,0
3418,4,12,0,0,0,0,0,0,0,0,0,0,0,0,0,0,0,0,0
3448,5,41,55,86,150,0,0,0,0,0,0,0,0,0,0,0,0,0,0
3466,20,0,0,0,0,0,0,0,0,0,0,0,0,0,0,0,0,0,0
3568,4,5,41,0,0,0,0,0,0,0,0,0,0,0,0,0,0,0,0
3637,4,6,22,23,0,0,0,0,0,0,0,0,0,0,0,0,0,0,0
3641,4,6,7,33,0,0,0,0,0,0,0,0,0,0,0,0,0,0,0
3683,24,41,0,0,0,0,0,0,0,0,0,0,0,0,0,0,0,0,0
3719,5,19,41,58,130,0,0,0,0,0,0,0,0,0,0,0,0,0,0
3725,5,41,0,0,0,0,0,0,0,0,0,0,0,0,0,0,0,0,0
3730,5,6,14,39,0,0,0,0,0,0,0,0,0,0,0,0,0,0,0
3735,9,12,0,0,0,0,0,0,0,0,0,0,0,0,0,0,0,0,0
3783,8,11,21,24,0,0,0,0,0,0,0,0,0,0,0,0,0,0,0
3794,5,6,8,21,24,0,0,0,0,0,0,0,0,0,0,0,0,0,0
3795,21,0,0,0,0,0,0,0,0,0,0,0,0,0,0,0,0,0,0
3798,13,16,19,58,63,115,118,121,0,0,0,0,0,0,0,0,0,0,0
3814,6,0,0,0,0,0,0,0,0,0,0,0,0,0,0,0,0,0,0
3915,8,11,21,0,0,0,0,0,0,0,0,0,0,0,0,0,0,0,0
3932,8,11,21,0,0,0,0,0,0,0,0,0,0,0,0,0,0,0,0
3953,6,12,21,23,34,48,52,130,0,0,0,0,0,0,0,0,0,0,0
4034,6,8,11,12,21,38,55,0,0,0,0,0,0,0,0,0,0,0,0
4035,8,21,0,0,0,0,0,0,0,0,0,0,0,0,0,0,0,0,0
4036,8,11,21,0,0,0,0,0,0,0,0,0,0,0,0,0,0,0,0
4041,8,11,21,0,0,0,0,0,0,0,0,0,0,0,0,0,0,0,0
4042,8,11,21,38,0,0,0,0,0,0,0,0,0,0,0,0,0,0,0
4043,6,8,11,21,0,0,0,0,0,0,0,0,0,0,0,0,0,0,0
4126,7,55,0,0,0,0,0,0,0,0,0,0,0,0,0,0,0,0,0
4152,21,0,0,0,0,0,0,0,0,0,0,0,0,0,0,0,0,0,0
4157,21,0,0,0,0,0,0,0,0,0,0,0,0,0,0,0,0,0,0
4174,8,11,21,0,0,0,0,0,0,0,0,0,0,0,0,0,0,0,0
4316,13,50,0,0,0,0,0,0,0,0,0,0,0,0,0,0,0,0,0
4345,13,16,29,33,50,0,0,0,0,0,0,0,0,0,0,0,0,0,0
4348,6,9,13,16,19,29,34,37,39,41,46,48,49,50,55,58,63,74,115
4438,5,6,9,12,29,37,41,0,0,0,0,0,0,0,0,0,0,0,0
4641,6,0,0,0,0,0,0,0,0,0,0,0,0,0,0,0,0,0,0
4678,5,0,0,0,0,0,0,0,0,0,0,0,0,0,0,0,0,0,0
4691,12,39,0,0,0,0,0,0,0,0,0,0,0,0,0,0,0,0,0
4706,5,6,12,0,0,0,0,0,0,0,0,0,0,0,0,0,0,0,0
4716,5,8,9,12,20,38,0,0,0,0,0,0,0,0,0,0,0,0,0
4719,5,0,0,0,0,0,0,0,0,0,0,0,0,0,0,0,0,0,0
4754,3,6,9,12,14,48,49,130,0,0,0,0,0,0,0,0,0,0,0
4816,5,8,0,0,0,0,0,0,0,0,0,0,0,0,0,0,0,0,0
4820,5,20,0,0,0,0,0,0,0,0,0,0,0,0,0,0,0,0,0
4833,5,0,0,0,0,0,0,0,0,0,0,0,0,0,0,0,0,0,0
4841,9,38,0,0,0,0,0,0,0,0,0,0,0,0,0,0,0,0,0
4884,5,20,0,0,0,0,0,0,0,0,0,0,0,0,0,0,0,0,0
4887,12,0,0,0,0,0,0,0,0,0,0,0,0,0,0,0,0,0,0
4959,7,0,0,0,0,0,0,0,0,0,0,0,0,0,0,0,0,0,0
4985,5,8,9,12,38,39,0,0,0,0,0,0,0,0,0,0,0,0,0
4986,5,8,9,12,38,39,0,0,0,0,0,0,0,0,0,0,0,0,0
5039,6,14,0,0,0,0,0,0,0,0,0,0,0,0,0,0,0,0,0
5056,5,6,8,9,12,38,0,0,0,0,0,0,0,0,0,0,0,0,0
5065,5,8,9,12,38,0,0,0,0,0,0,0,0,0,0,0,0,0,0
5079,5,8,9,12,0,0,0,0,0,0,0,0,0,0,0,0,0,0,0
5082,6,14,0,0,0,0,0,0,0,0,0,0,0,0,0,0,0,0,0
5099,5,8,9,12,37,38,0,0,0,0,0,0,0,0,0,0,0,0,0
5105,8,11,0,0,0,0,0,0,0,0,0,0,0,0,0,0,0,0,0
5114,5,9,12,20,0,0,0,0,0,0,0,0,0,0,0,0,0,0,0
5132,5,0,0,0,0,0,0,0,0,0,0,0,0,0,0,0,0,0,0
5136,5,8,0,0,0,0,0,0,0,0,0,0,0,0,0,0,0,0,0
5199,19,58,0,0,0,0,0,0,0,0,0,0,0,0,0,0,0,0,0
5223,5,8,9,12,38,0,0,0,0,0,0,0,0,0,0,0,0,0,0
5233,5,9,12,0,0,0,0,0,0,0,0,0,0,0,0,0,0,0,0
5258,5,6,9,12,46,0,0,0,0,0,0,0,0,0,0,0,0,0,0
5349,5,19,29,0,0,0,0,0,0,0,0,0,0,0,0,0,0,0,0
5369,78,0,0,0,0,0,0,0,0,0,0,0,0,0,0,0,0,0,0
5401,78,0,0,0,0,0,0,0,0,0,0,0,0,0,0,0,0,0,0
5413,8,9,48,0,0,0,0,0,0,0,0,0,0,0,0,0,0,0,0
5418,5,19,41,58,0,0,0,0,0,0,0,0,0,0,0,0,0,0,0
5422,12,32,52,0,0,0,0,0,0,0,0,0,0,0,0,0,0,0,0
5423,13,14,16,19,29,63,78,0,0,0,0,0,0,0,0,0,0,0,0
5440,37,0,0,0,0,0,0,0,0,0,0,0,0,0,0,0,0,0,0
5450,16,24,0,0,0,0,0,0,0,0,0,0,0,0,0,0,0,0,0
5502,7,13,32,0,0,0,0,0,0,0,0,0,0,0,0,0,0,0,0
5503,6,48,49,0,0,0,0,0,0,0,0,0,0,0,0,0,0,0,0
5504,13,39,0,0,0,0,0,0,0,0,0,0,0,0,0,0,0,0,0
5508,3,6,14,34,39,48,49,130,0,0,0,0,0,0,0,0,0,0,0
5514,6,14,37,39,0,0,0,0,0,0,0,0,0,0,0,0,0,0,0
5550,5,7,32,38,58,306,0,0,0,0,0,0,0,0,0,0,0,0,0
5563,6,0,0,0,0,0,0,0,0,0,0,0,0,0,0,0,0,0,0
5595,48,49,0,0,0,0,0,0,0,0,0,0,0,0,0,0,0,0,0
5613,3,6,14,34,39,48,49,130,0,0,0,0,0,0,0,0,0,0,0
5623,6,0,0,0,0,0,0,0,0,0,0,0,0,0,0,0,0,0,0
5626,3,6,14,41,48,49,0,0,0,0,0,0,0,0,0,0,0,0,0
5641,6,14,0,0,0,0,0,0,0,0,0,0,0,0,0,0,0,0,0
5645,6,12,0,0,0,0,0,0,0,0,0,0,0,0,0,0,0,0,0
5654,67,0,0,0,0,0,0,0,0,0,0,0,0,0,0,0,0,0,0
5831,11,12,0,0,0,0,0,0,0,0,0,0,0,0,0,0,0,0,0
5850,6,8,11,14,48,0,0,0,0,0,0,0,0,0,0,0,0,0,0
5882,6,11,0,0,0,0,0,0,0,0,0,0,0,0,0,0,0,0,0
5894,3,6,14,0,0,0,0,0,0,0,0,0,0,0,0,0,0,0,0
5911,11,0,0,0,0,0,0,0,0,0,0,0,0,0,0,0,0,0,0
5951,6,8,11,12,38,55,0,0,0,0,0,0,0,0,0,0,0,0,0
5953,8,11,12,38,0,0,0,0,0,0,0,0,0,0,0,0,0,0,0
5954,8,9,11,12,0,0,0,0,0,0,0,0,0,0,0,0,0,0,0
5982,6,11,0,0,0,0,0,0,0,0,0,0,0,0,0,0,0,0,0
6036,48,0,0,0,0,0,0,0,0,0,0,0,0,0,0,0,0,0,0
6154,18,0,0,0,0,0,0,0,0,0,0,0,0,0,0,0,0,0,0
6165,13,0,0,0,0,0,0,0,0,0,0,0,0,0,0,0,0,0,0
6256,3,6,14,0,0,0,0,0,0,0,0,0,0,0,0,0,0,0,0
6279,39,0,0,0,0,0,0,0,0,0,0,0,0,0,0,0,0,0,0
6291,6,23,42,52,0,0,0,0,0,0,0,0,0,0,0,0,0,0,0
6294,6,7,23,24,42,0,0,0,0,0,0,0,0,0,0,0,0,0,0
6325,6,14,0,0,0,0,0,0,0,0,0,0,0,0,0,0,0,0,0
6341,3,6,14,0,0,0,0,0,0,0,0,0,0,0,0,0,0,0,0
6375,24,57,0,0,0,0,0,0,0,0,0,0,0,0,0,0,0,0,0
6405,3,5,6,9,12,29,35,39,0,0,0,0,0,0,0,0,0,0,0
6440,37,0,0,0,0,0,0,0,0,0,0,0,0,0,0,0,0,0,0
6453,8,9,0,0,0,0,0,0,0,0,0,0,0,0,0,0,0,0,0
6454,8,0,0,0,0,0,0,0,0,0,0,0,0,0,0,0,0,0,0
6456,12,0,0,0,0,0,0,0,0,0,0,0,0,0,0,0,0,0,0
6459,9,0,0,0,0,0,0,0,0,0,0,0,0,0,0,0,0,0,0
6462,46,0,0,0,0,0,0,0,0,0,0,0,0,0,0,0,0,0,0
6504,24,41,0,0,0,0,0,0,0,0,0,0,0,0,0,0,0,0,0
6516,20,0,0,0,0,0,0,0,0,0,0,0,0,0,0,0,0,0,0
6517,9,0,0,0,0,0,0,0,0,0,0,0,0,0,0,0,0,0,0
6555,5,41,48,130,0,0,0,0,0,0,0,0,0,0,0,0,0,0,0
6614,6,37,46,0,0,0,0,0,0,0,0,0,0,0,0,0,0,0,0
6616,24,0,0,0,0,0,0,0,0,0,0,0,0,0,0,0,0,0,0
6701,3,6,14,39,48,49,130,0,0,0,0,0,0,0,0,0,0,0,0
6707,6,9,12,14,34,39,48,49,130,0,0,0,0,0,0,0,0,0,0
6739,3,6,0,0,0,0,0,0,0,0,0,0,0,0,0,0,0,0,0
6741,3,6,14,46,48,49,130,0,0,0,0,0,0,0,0,0,0,0,0
6763,85,0,0,0,0,0,0,0,0,0,0,0,0,0,0,0,0,0,0
6838,20,37,0,0,0,0,0,0,0,0,0,0,0,0,0,0,0,0,0
6855,52,0,0,0,0,0,0,0,0,0,0,0,0,0,0,0,0,0,0
6865,5,20,37,38,0,0,0,0,0,0,0,0,0,0,0,0,0,0,0
6887,37,0,0,0,0,0,0,0,0,0,0,0,0,0,0,0,0,0,0
6892,37,0,0,0,0,0,0,0,0,0,0,0,0,0,0,0,0,0,0
6906,37,38,0,0,0,0,0,0,0,0,0,0,0,0,0,0,0,0,0
6933,12,0,0,0,0,0,0,0,0,0,0,0,0,0,0,0,0,0,0
6962,6,12,0,0,0,0,0,0,0,0,0,0,0,0,0,0,0,0,0
6967,6,9,12,0,0,0,0,0,0,0,0,0,0,0,0,0,0,0,0
6978,8,9,12,0,0,0,0,0,0,0,0,0,0,0,0,0,0,0,0
6982,9,12,0,0,0,0,0,0,0,0,0,0,0,0,0,0,0,0,0
7016,9,12,20,38,0,0,0,0,0,0,0,0,0,0,0,0,0,0,0
7039,9,12,0,0,0,0,0,0,0,0,0,0,0,0,0,0,0,0,0
7046,3,6,14,0,0,0,0,0,0,0,0,0,0,0,0,0,0,0,0
7111,8,9,12,38,0,0,0,0,0,0,0,0,0,0,0,0,0,0,0
7130,12,0,0,0,0,0,0,0,0,0,0,0,0,0,0,0,0,0,0
7139,6,13,0,0,0,0,0,0,0,0,0,0,0,0,0,0,0,0,0
7140,6,13,14,0,0,0,0,0,0,0,0,0,0,0,0,0,0,0,0
7158,9,12,34,39,0,0,0,0,0,0,0,0,0,0,0,0,0,0,0
7160,12,0,0,0,0,0,0,0,0,0,0,0,0,0,0,0,0,0,0
7167,12,0,0,0,0,0,0,0,0,0,0,0,0,0,0,0,0,0,0
7178,6,8,9,12,38,0,0,0,0,0,0,0,0,0,0,0,0,0,0
7179,6,8,9,12,38,0,0,0,0,0,0,0,0,0,0,0,0,0,0
7180,6,9,12,0,0,0,0,0,0,0,0,0,0,0,0,0,0,0,0
7189,9,12,0,0,0,0,0,0,0,0,0,0,0,0,0,0,0,0,0
7194,6,9,12,34,38,39,46,48,0,0,0,0,0,0,0,0,0,0,0
7275,9,0,0,0,0,0,0,0,0,0,0,0,0,0,0,0,0,0,0
7278,9,0,0,0,0,0,0,0,0,0,0,0,0,0,0,0,0,0,0
7331,48,0,0,0,0,0,0,0,0,0,0,0,0,0,0,0,0,0,0
7334,48,0,0,0,0,0,0,0,0,0,0,0,0,0,0,0,0,0,0
7342,6,14,39,48,49,130,0,0,0,0,0,0,0,0,0,0,0,0,0
7344,6,49,130,0,0,0,0,0,0,0,0,0,0,0,0,0,0,0,0
7346,41,130,0,0,0,0,0,0,0,0,0,0,0,0,0,0,0,0,0
7348,6,49,169,0,0,0,0,0,0,0,0,0,0,0,0,0,0,0,0
7351,6,48,49,130,170,0,0,0,0,0,0,0,0,0,0,0,0,0,0
7356,9,0,0,0,0,0,0,0,0,0,0,0,0,0,0,0,0,0,0
7386,3,6,14,34,39,48,49,0,0,0,0,0,0,0,0,0,0,0,0
7397,6,34,39,0,0,0,0,0,0,0,0,0,0,0,0,0,0,0,0
7406,3,6,14,39,0,0,0,0,0,0,0,0,0,0,0,0,0,0,0
7444,3,6,9,14,37,41,46,48,49,130,0,0,0,0,0,0,0,0,0
7464,9,0,0,0,0,0,0,0,0,0,0,0,0,0,0,0,0,0,0
7470,9,0,0,0,0,0,0,0,0,0,0,0,0,0,0,0,0,0,0
7477,9,0,0,0,0,0,0,0,0,0,0,0,0,0,0,0,0,0,0
7489,9,0,0,0,0,0,0,0,0,0,0,0,0,0,0,0,0,0,0
7510,6,0,0,0,0,0,0,0,0,0,0,0,0,0,0,0,0,0,0
7512,6,0,0,0,0,0,0,0,0,0,0,0,0,0,0,0,0,0,0
7543,3,6,14,34,39,82,0,0,0,0,0,0,0,0,0,0,0,0,0
7585,6,163,0,0,0,0,0,0,0,0,0,0,0,0,0,0,0,0,0
7592,6,13,0,0,0,0,0,0,0,0,0,0,0,0,0,0,0,0,0
7593,6,0,0,0,0,0,0,0,0,0,0,0,0,0,0,0,0,0,0
7594,6,0,0,0,0,0,0,0,0,0,0,0,0,0,0,0,0,0,0
7595,6,82,0,0,0,0,0,0,0,0,0,0,0,0,0,0,0,0,0
7603,6,48,49,130,169,0,0,0,0,0,0,0,0,0,0,0,0,0,0
7634,3,6,14,41,0,0,0,0,0,0,0,0,0,0,0,0,0,0,0
7635,3,6,14,39,130,0,0,0,0,0,0,0,0,0,0,0,0,0,0
7650,6,13,14,0,0,0,0,0,0,0,0,0,0,0,0,0,0,0,0
7739,6,0,0,0,0,0,0,0,0,0,0,0,0,0,0,0,0,0,0
7789,3,6,14,37,39,41,46,48,49,137,0,0,0,0,0,0,0,0,0
7824,19,33,35,0,0,0,0,0,0,0,0,0,0,0,0,0,0,0,0
7841,9,48,49,0,0,0,0,0,0,0,0,0,0,0,0,0,0,0,0
7881,8,11,0,0,0,0,0,0,0,0,0,0,0,0,0,0,0,0,0
7900,6,14,0,0,0,0,0,0,0,0,0,0,0,0,0,0,0,0,0
7936,5,6,46,48,49,130,0,0,0,0,0,0,0,0,0,0,0,0,0
8002,7,24,0,0,0,0,0,0,0,0,0,0,0,0,0,0,0,0,0
8072,6,34,39,0,0,0,0,0,0,0,0,0,0,0,0,0,0,0,0
8100,29,38,0,0,0,0,0,0,0,0,0,0,0,0,0,0,0,0,0
8145,6,0,0,0,0,0,0,0,0,0,0,0,0,0,0,0,0,0,0
8167,20,0,0,0,0,0,0,0,0,0,0,0,0,0,0,0,0,0,0
8195,29,33,35,64,0,0,0,0,0,0,0,0,0,0,0,0,0,0,0
8197,13,14,15,16,18,22,26,27,29,52,57,63,64,69,71,75,77,0,0
8199,20,0,0,0,0,0,0,0,0,0,0,0,0,0,0,0,0,0,0
8211,6,9,12,48,49,0,0,0,0,0,0,0,0,0,0,0,0,0,0
8214,3,6,14,130,0,0,0,0,0,0,0,0,0,0,0,0,0,0,0
8240,8,0,0,0,0,0,0,0,0,0,0,0,0,0,0,0,0,0,0
8247,8,9,11,12,23,39,52,0,0,0,0,0,0,0,0,0,0,0,0
8254,6,9,12,48,49,130,0,0,0,0,0,0,0,0,0,0,0,0,0
8257,13,16,29,118,149,0,0,0,0,0,0,0,0,0,0,0,0,0,0
8288,6,14,34,39,48,49,130,0,0,0,0,0,0,0,0,0,0,0,0
8292,6,7,32,0,0,0,0,0,0,0,0,0,0,0,0,0,0,0,0
8293,6,7,0,0,0,0,0,0,0,0,0,0,0,0,0,0,0,0,0
8307,13,16,19,29,33,35,63,64,0,0,0,0,0,0,0,0,0,0,0
8362,6,14,0,0,0,0,0,0,0,0,0,0,0,0,0,0,0,0,0
8389,5,6,9,29,0,0,0,0,0,0,0,0,0,0,0,0,0,0,0
8467,6,46,48,49,130,0,0,0,0,0,0,0,0,0,0,0,0,0,0
8471,6,0,0,0,0,0,0,0,0,0,0,0,0,0,0,0,0,0,0
8477,62,0,0,0,0,0,0,0,0,0,0,0,0,0,0,0,0,0,0
8492,3,6,14,0,0,0,0,0,0,0,0,0,0,0,0,0,0,0,0
8584,3,6,14,0,0,0,0,0,0,0,0,0,0,0,0,0,0,0,0
8593,37,0,0,0,0,0,0,0,0,0,0,0,0,0,0,0,0,0,0
8711,14,0,0,0,0,0,0,0,0,0,0,0,0,0,0,0,0,0,0
8734,82,0,0,0,0,0,0,0,0,0,0,0,0,0,0,0,0,0,0
8735,6,14,82,0,0,0,0,0,0,0,0,0,0,0,0,0,0,0,0
8749,12,20,38,0,0,0,0,0,0,0,0,0,0,0,0,0,0,0,0
8750,3,6,14,48,49,130,0,0,0,0,0,0,0,0,0,0,0,0,0
8763,6,0,0,0,0,0,0,0,0,0,0,0,0,0,0,0,0,0,0
8773,6,0,0,0,0,0,0,0,0,0,0,0,0,0,0,0,0,0,0
8864,3,6,14,34,39,130,0,0,0,0,0,0,0,0,0,0,0,0,0
8912,6,0,0,0,0,0,0,0,0,0,0,0,0,0,0,0,0,0,0
8947,6,0,0,0,0,0,0,0,0,0,0,0,0,0,0,0,0,0,0
8968,3,6,14,0,0,0,0,0,0,0,0,0,0,0,0,0,0,0,0
8969,6,0,0,0,0,0,0,0,0,0,0,0,0,0,0,0,0,0,0
8973,6,14,0,0,0,0,0,0,0,0,0,0,0,0,0,0,0,0,0
8974,6,14,0,0,0,0,0,0,0,0,0,0,0,0,0,0,0,0,0
8975,3,6,14,0,0,0,0,0,0,0,0,0,0,0,0,0,0,0,0
8986,6,9,38,0,0,0,0,0,0,0,0,0,0,0,0,0,0,0,0
9014,3,6,14,0,0,0,0,0,0,0,0,0,0,0,0,0,0,0,0
9035,3,6,14,34,39,0,0,0,0,0,0,0,0,0,0,0,0,0,0
9037,6,0,0,0,0,0,0,0,0,0,0,0,0,0,0,0,0,0,0
9046,3,6,14,48,49,130,0,0,0,0,0,0,0,0,0,0,0,0,0
9058,6,0,0,0,0,0,0,0,0,0,0,0,0,0,0,0,0,0,0
9059,6,14,0,0,0,0,0,0,0,0,0,0,0,0,0,0,0,0,0
9061,6,14,48,49,130,0,0,0,0,0,0,0,0,0,0,0,0,0,0
9067,4,0,0,0,0,0,0,0,0,0,0,0,0,0,0,0,0,0,0
9103,6,39,0,0,0,0,0,0,0,0,0,0,0,0,0,0,0,0,0
9112,3,6,9,12,14,41,48,49,130,0,0,0,0,0,0,0,0,0,0
9142,8,52,0,0,0,0,0,0,0,0,0,0,0,0,0,0,0,0,0
9143,6,8,11,38,52,0,0,0,0,0,0,0,0,0,0,0,0,0,0
9146,6,46,52,130,0,0,0,0,0,0,0,0,0,0,0,0,0,0,0
9191,6,0,0,0,0,0,0,0,0,0,0,0,0,0,0,0,0,0,0
9232,6,13,14,29,114,0,0,0,0,0,0,0,0,0,0,0,0,0,0
9262,6,13,14,0,0,0,0,0,0,0,0,0,0,0,0,0,0,0,0
9495,6,0,0,0,0,0,0,0,0,0,0,0,0,0,0,0,0,0,0
9532,3,6,14,0,0,0,0,0,0,0,0,0,0,0,0,0,0,0,0
9538,6,0,0,0,0,0,0,0,0,0,0,0,0,0,0,0,0,0,0
9542,6,0,0,0,0,0,0,0,0,0,0,0,0,0,0,0,0,0,0
9577,8,0,0,0,0,0,0,0,0,0,0,0,0,0,0,0,0,0,0
9587,3,6,14,0,0,0,0,0,0,0,0,0,0,0,0,0,0,0,0
9600,8,9,46,0,0,0,0,0,0,0,0,0,0,0,0,0,0,0,0
9601,20,0,0,0,0,0,0,0,0,0,0,0,0,0,0,0,0,0,0
9607,6,8,9,12,34,38,46,48,55,130,0,0,0,0,0,0,0,0,0
9609,3,6,14,48,0,0,0,0,0,0,0,0,0,0,0,0,0,0,0
9611,6,0,0,0,0,0,0,0,0,0,0,0,0,0,0,0,0,0,0
9620,6,48,130,0,0,0,0,0,0,0,0,0,0,0,0,0,0,0,0
9627,3,6,14,0,0,0,0,0,0,0,0,0,0,0,0,0,0,0,0
9632,3,6,14,0,0,0,0,0,0,0,0,0,0,0,0,0,0,0,0
9633,19,306,0,0,0,0,0,0,0,0,0,0,0,0,0,0,0,0,0
9643,6,14,48,49,130,0,0,0,0,0,0,0,0,0,0,0,0,0,0
9694,3,6,14,38,46,130,0,0,0,0,0,0,0,0,0,0,0,0,0
9700,3,6,8,9,14,20,34,39,46,0,0,0,0,0,0,0,0,0,0
9740,6,9,12,14,41,0,0,0,0,0,0,0,0,0,0,0,0,0,0
9759,6,0,0,0,0,0,0,0,0,0,0,0,0,0,0,0,0,0,0
9789,3,6,14,0,0,0,0,0,0,0,0,0,0,0,0,0,0,0,0
9808,6,14,46,48,49,130,0,0,0,0,0,0,0,0,0,0,0,0,0
9809,6,0,0,0,0,0,0,0,0,0,0,0,0,0,0,0,0,0,0
9833,6,0,0,0,0,0,0,0,0,0,0,0,0,0,0,0,0,0,0
9834,6,0,0,0,0,0,0,0,0,0,0,0,0,0,0,0,0,0,0
9840,6,34,39,46,73,0,0,0,0,0,0,0,0,0,0,0,0,0,0
9894,6,0,0,0,0,0,0,0,0,0,0,0,0,0,0,0,0,0,0
9898,3,6,14,0,0,0,0,0,0,0,0,0,0,0,0,0,0,0,0
9927,9,48,0,0,0,0,0,0,0,0,0,0,0,0,0,0,0,0,0
10039,6,0,0,0,0,0,0,0,0,0,0,0,0,0,0,0,0,0,0
10107,6,0,0,0,0,0,0,0,0,0,0,0,0,0,0,0,0,0,0
10121,13,16,0,0,0,0,0,0,0,0,0,0,0,0,0,0,0,0,0
10166,6,20,39,159,0,0,0,0,0,0,0,0,0,0,0,0,0,0,0
10175,3,6,14,49,0,0,0,0,0,0,0,0,0,0,0,0,0,0,0
10192,6,12,13,14,39,0,0,0,0,0,0,0,0,0,0,0,0,0,0
10222,24,0,0,0,0,0,0,0,0,0,0,0,0,0,0,0,0,0,0
10235,13,15,16,25,26,27,63,65,69,134,153,155,0,0,0,0,0,0,0
10496,13,14,16,58,118,306,0,0,0,0,0,0,0,0,0,0,0,0,0
10578,6,130,0,0,0,0,0,0,0,0,0,0,0,0,0,0,0,0,0
10583,6,14,0,0,0,0,0,0,0,0,0,0,0,0,0,0,0,0,0
10760,6,39,48,49,130,170,0,0,0,0,0,0,0,0,0,0,0,0,0
10951,6,14,130,0,0,0,0,0,0,0,0,0,0,0,0,0,0,0,0
10962,48,0,0,0,0,0,0,0,0,0,0,0,0,0,0,0,0,0,0
11002,6,48,0,0,0,0,0,0,0,0,0,0,0,0,0,0,0,0,0
11051,8,39,52,0,0,0,0,0,0,0,0,0,0,0,0,0,0,0,0
11104,6,0,0,0,0,0,0,0,0,0,0,0,0,0,0,0,0,0,0
11118,6,48,49,0,0,0,0,0,0,0,0,0,0,0,0,0,0,0,0
11133,6,48,49,0,0,0,0,0,0,0,0,0,0,0,0,0,0,0,0
11156,6,48,0,0,0,0,0,0,0,0,0,0,0,0,0,0,0,0,0
11169,6,48,0,0,0,0,0,0,0,0,0,0,0,0,0,0,0,0,0
11208,6,48,0,0,0,0,0,0,0,0,0,0,0,0,0,0,0,0,0
11210,7,0,0,0,0,0,0,0,0,0,0,0,0,0,0,0,0,0,0
11212,8,48,0,0,0,0,0,0,0,0,0,0,0,0,0,0,0,0,0
11219,6,29,0,0,0,0,0,0,0,0,0,0,0,0,0,0,0,0,0
11222,46,48,79,80,130,136,0,0,0,0,0,0,0,0,0,0,0,0,0
11226,6,0,0,0,0,0,0,0,0,0,0,0,0,0,0,0,0,0,0
11227,19,58,306,0,0,0,0,0,0,0,0,0,0,0,0,0,0,0,0
11230,6,23,0,0,0,0,0,0,0,0,0,0,0,0,0,0,0,0,0
11244,8,23,0,0,0,0,0,0,0,0,0,0,0,0,0,0,0,0,0
11247,6,48,72,130,0,0,0,0,0,0,0,0,0,0,0,0,0,0,0
11250,6,48,49,130,0,0,0,0,0,0,0,0,0,0,0,0,0,0,0
11259,6,0,0,0,0,0,0,0,0,0,0,0,0,0,0,0,0,0,0
11270,3,6,0,0,0,0,0,0,0,0,0,0,0,0,0,0,0,0,0
11328,6,12,48,49,0,0,0,0,0,0,0,0,0,0,0,0,0,0,0
11374,15,16,63,0,0,0,0,0,0,0,0,0,0,0,0,0,0,0,0
11394,6,9,46,48,49,130,0,0,0,0,0,0,0,0,0,0,0,0,0
11397,6,9,48,49,0,0,0,0,0,0,0,0,0,0,0,0,0,0,0
11416,38,0,0,0,0,0,0,0,0,0,0,0,0,0,0,0,0,0,0
11417,6,48,49,130,0,0,0,0,0,0,0,0,0,0,0,0,0,0,0
11437,8,0,0,0,0,0,0,0,0,0,0,0,0,0,0,0,0,0,0
11459,37,0,0,0,0,0,0,0,0,0,0,0,0,0,0,0,0,0,0
11565,9,48,0,0,0,0,0,0,0,0,0,0,0,0,0,0,0,0,0
11575,6,0,0,0,0,0,0,0,0,0,0,0,0,0,0,0,0,0,0
11594,48,0,0,0,0,0,0,0,0,0,0,0,0,0,0,0,0,0,0
11610,8,9,0,0,0,0,0,0,0,0,0,0,0,0,0,0,0,0,0
11612,6,9,46,48,49,52,0,0,0,0,0,0,0,0,0,0,0,0,0
11621,6,0,0,0,0,0,0,0,0,0,0,0,0,0,0,0,0,0,0
11631,3,6,14,0,0,0,0,0,0,0,0,0,0,0,0,0,0,0,0
11650,13,19,29,0,0,0,0,0,0,0,0,0,0,0,0,0,0,0,0
11654,48,0,0,0,0,0,0,0,0,0,0,0,0,0,0,0,0,0,0
11658,37,0,0,0,0,0,0,0,0,0,0,0,0,0,0,0,0,0,0
11737,6,48,49,130,0,0,0,0,0,0,0,0,0,0,0,0,0,0,0
11772,3,6,14,0,0,0,0,0,0,0,0,0,0,0,0,0,0,0,0
11783,37,0,0,0,0,0,0,0,0,0,0,0,0,0,0,0,0,0,0
11800,6,14,48,49,0,0,0,0,0,0,0,0,0,0,0,0,0,0,0
11828,37,0,0,0,0,0,0,0,0,0,0,0,0,0,0,0,0,0,0
11845,13,15,16,25,26,63,0,0,0,0,0,0,0,0,0,0,0,0,0
11885,13,15,16,25,26,52,63,64,0,0,0,0,0,0,0,0,0,0,0
11987,8,0,0,0,0,0,0,0,0,0,0,0,0,0,0,0,0,0,0
12071,13,16,118,149,0,0,0,0,0,0,0,0,0,0,0,0,0,0,0
12089,13,16,18,29,35,64,0,0,0,0,0,0,0,0,0,0,0,0,0
12151,3,6,14,0,0,0,0,0,0,0,0,0,0,0,0,0,0,0,0
12328,6,8,34,39,46,0,0,0,0,0,0,0,0,0,0,0,0,0,0
12329,6,46,0,0,0,0,0,0,0,0,0,0,0,0,0,0,0,0,0
12382,38,0,0,0,0,0,0,0,0,0,0,0,0,0,0,0,0,0,0
12423,13,0,0,0,0,0,0,0,0,0,0,0,0,0,0,0,0,0,0
12443,6,0,0,0,0,0,0,0,0,0,0,0,0,0,0,0,0,0,0
12497,13,14,16,118,0,0,0,0,0,0,0,0,0,0,0,0,0,0,0
12503,6,48,49,0,0,0,0,0,0,0,0,0,0,0,0,0,0,0,0
12517,3,6,14,46,48,49,130,0,0,0,0,0,0,0,0,0,0,0,0
12579,6,39,46,48,0,0,0,0,0,0,0,0,0,0,0,0,0,0,0
12586,15,16,25,26,63,0,0,0,0,0,0,0,0,0,0,0,0,0,0
12672,13,16,63,0,0,0,0,0,0,0,0,0,0,0,0,0,0,0,0
12765,16,33,52,53,61,63,64,86,99,121,125,149,0,0,0,0,0,0,0
12861,16,19,29,33,52,0,0,0,0,0,0,0,0,0,0,0,0,0,0
12987,6,0,0,0,0,0,0,0,0,0,0,0,0,0,0,0,0,0,0
13074,13,16,0,0,0,0,0,0,0,0,0,0,0,0,0,0,0,0,0
13093,3,6,14,34,39,0,0,0,0,0,0,0,0,0,0,0,0,0,0
13100,6,12,0,0,0,0,0,0,0,0,0,0,0,0,0,0,0,0,0
13137,6,14,0,0,0,0,0,0,0,0,0,0,0,0,0,0,0,0,0
13152,6,0,0,0,0,0,0,0,0,0,0,0,0,0,0,0,0,0,0
13155,6,0,0,0,0,0,0,0,0,0,0,0,0,0,0,0,0,0,0
13166,6,48,49,0,0,0,0,0,0,0,0,0,0,0,0,0,0,0,0
13177,6,48,49,0,0,0,0,0,0,0,0,0,0,0,0,0,0,0,0
13178,6,12,0,0,0,0,0,0,0,0,0,0,0,0,0,0,0,0,0
13226,3,6,14,34,39,48,49,130,161,163,164,165,384,385,388,0,0,0,0
13257,13,16,63,0,0,0,0,0,0,0,0,0,0,0,0,0,0,0,0
13350,15,25,26,27,93,0,0,0,0,0,0,0,0,0,0,0,0,0,0
13547,6,0,0,0,0,0,0,0,0,0,0,0,0,0,0,0,0,0,0
13620,6,9,48,52,0,0,0,0,0,0,0,0,0,0,0,0,0,0,0
13676,7,0,0,0,0,0,0,0,0,0,0,0,0,0,0,0,0,0,0
13679,52,0,0,0,0,0,0,0,0,0,0,0,0,0,0,0,0,0,0
13690,6,9,12,0,0,0,0,0,0,0,0,0,0,0,0,0,0,0,0
13923,3,6,9,12,14,0,0,0,0,0,0,0,0,0,0,0,0,0,0
13925,6,9,12,0,0,0,0,0,0,0,0,0,0,0,0,0,0,0,0
13926,6,9,12,0,0,0,0,0,0,0,0,0,0,0,0,0,0,0,0
13927,6,9,12,14,0,0,0,0,0,0,0,0,0,0,0,0,0,0,0
13928,6,9,12,14,0,0,0,0,0,0,0,0,0,0,0,0,0,0,0
14173,6,0,0,0,0,0,0,0,0,0,0,0,0,0,0,0,0,0,0
14177,3,6,14,48,49,0,0,0,0,0,0,0,0,0,0,0,0,0,0
14411,8,0,0,0,0,0,0,0,0,0,0,0,0,0,0,0,0,0,0
14437,6,0,0,0,0,0,0,0,0,0,0,0,0,0,0,0,0,0,0
14481,13,14,16,0,0,0,0,0,0,0,0,0,0,0,0,0,0,0,0
14542,6,14,0,0,0,0,0,0,0,0,0,0,0,0,0,0,0,0,0
14544,6,14,0,0,0,0,0,0,0,0,0,0,0,0,0,0,0,0,0
14593,3,6,14,48,49,130,0,0,0,0,0,0,0,0,0,0,0,0,0
14647,48,0,0,0,0,0,0,0,0,0,0,0,0,0,0,0,0,0,0
14697,19,52,58,0,0,0,0,0,0,0,0,0,0,0,0,0,0,0,0
14701,6,34,39,48,49,0,0,0,0,0,0,0,0,0,0,0,0,0,0
14717,20,0,0,0,0,0,0,0,0,0,0,0,0,0,0,0,0,0,0
14718,20,0,0,0,0,0,0,0,0,0,0,0,0,0,0,0,0,0,0
14723,6,9,48,0,0,0,0,0,0,0,0,0,0,0,0,0,0,0,0
14741,3,6,14,48,49,169,0,0,0,0,0,0,0,0,0,0,0,0,0
14891,6,34,39,0,0,0,0,0,0,0,0,0,0,0,0,0,0,0,0
15020,7,9,38,46,0,0,0,0,0,0,0,0,0,0,0,0,0,0,0
15072,3,5,6,29,0,0,0,0,0,0,0,0,0,0,0,0,0,0,0
15123,6,0,0,0,0,0,0,0,0,0,0,0,0,0,0,0,0,0,0
15128,3,6,14,37,0,0,0,0,0,0,0,0,0,0,0,0,0,0,0
15140,6,12,39,74,130,0,0,0,0,0,0,0,0,0,0,0,0,0,0
15167,3,6,14,37,39,41,46,48,49,170,0,0,0,0,0,0,0,0,0
15464,3,6,9,12,14,48,49,0,0,0,0,0,0,0,0,0,0,0,0
15465,3,6,14,39,46,48,130,0,0,0,0,0,0,0,0,0,0,0,0
15467,20,0,0,0,0,0,0,0,0,0,0,0,0,0,0,0,0,0,0
15531,6,48,49,0,0,0,0,0,0,0,0,0,0,0,0,0,0,0,0
15535,35,52,86,121,0,0,0,0,0,0,0,0,0,0,0,0,0,0,0
15559,5,9,12,41,48,49,0,0,0,0,0,0,0,0,0,0,0,0,0
15698,130,0,0,0,0,0,0,0,0,0,0,0,0,0,0,0,0,0,0
15709,9,46,48,0,0,0,0,0,0,0,0,0,0,0,0,0,0,0,0
15744,6,0,0,0,0,0,0,0,0,0,0,0,0,0,0,0,0,0,0
15815,3,6,14,0,0,0,0,0,0,0,0,0,0,0,0,0,0,0,0
15839,20,0,0,0,0,0,0,0,0,0,0,0,0,0,0,0,0,0,0
15841,5,41,86,0,0,0,0,0,0,0,0,0,0,0,0,0,0,0,0
15843,58,0,0,0,0,0,0,0,0,0,0,0,0,0,0,0,0,0,0
16203,6,14,0,0,0,0,0,0,0,0,0,0,0,0,0,0,0,0,0
16305,6,34,39,46,0,0,0,0,0,0,0,0,0,0,0,0,0,0,0
16310,6,0,0,0,0,0,0,0,0,0,0,0,0,0,0,0,0,0,0
16328,6,130,0,0,0,0,0,0,0,0,0,0,0,0,0,0,0,0,0
16480,3,6,14,0,0,0,0,0,0,0,0,0,0,0,0,0,0,0,0
16538,6,14,0,0,0,0,0,0,0,0,0,0,0,0,0,0,0,0,0
16585,58,0,0,0,0,0,0,0,0,0,0,0,0,0,0,0,0,0,0
16617,24,41,0,0,0,0,0,0,0,0,0,0,0,0,0,0,0,0,0
16665,6,9,38,46,0,0,0,0,0,0,0,0,0,0,0,0,0,0,0
16730,3,6,14,0,0,0,0,0,0,0,0,0,0,0,0,0,0,0,0
16748,24,0,0,0,0,0,0,0,0,0,0,0,0,0,0,0,0,0,0
16840,3,6,14,34,39,46,48,49,72,130,0,0,0,0,0,0,0,0,0
16867,6,0,0,0,0,0,0,0,0,0,0,0,0,0,0,0,0,0,0
16983,6,0,0,0,0,0,0,0,0,0,0,0,0,0,0,0,0,0,0
17000,3,6,14,34,39,46,48,49,130,0,0,0,0,0,0,0,0,0,0
17011,6,48,49,0,0,0,0,0,0,0,0,0,0,0,0,0,0,0,0
17224,3,6,14,0,0,0,0,0,0,0,0,0,0,0,0,0,0,0,0
17467,3,6,0,0,0,0,0,0,0,0,0,0,0,0,0,0,0,0,0
17573,3,6,9,14,39,46,48,49,0,0,0,0,0,0,0,0,0,0,0
18056,8,0,0,0,0,0,0,0,0,0,0,0,0,0,0,0,0,0,0
18058,34,39,0,0,0,0,0,0,0,0,0,0,0,0,0,0,0,0,0
18074,3,6,14,0,0,0,0,0,0,0,0,0,0,0,0,0,0,0,0
18131,9,12,39,48,49,74,0,0,0,0,0,0,0,0,0,0,0,0,0
18136,3,6,14,39,0,0,0,0,0,0,0,0,0,0,0,0,0,0,0
18150,6,48,49,0,0,0,0,0,0,0,0,0,0,0,0,0,0,0,0
18165,6,0,0,0,0,0,0,0,0,0,0,0,0,0,0,0,0,0,0
18182,3,6,14,48,49,130,0,0,0,0,0,0,0,0,0,0,0,0,0
18189,6,0,0,0,0,0,0,0,0,0,0,0,0,0,0,0,0,0,0
18197,6,37,0,0,0,0,0,0,0,0,0,0,0,0,0,0,0,0,0
18211,6,0,0,0,0,0,0,0,0,0,0,0,0,0,0,0,0,0,0
18221,37,0,0,0,0,0,0,0,0,0,0,0,0,0,0,0,0,0,0
18224,37,0,0,0,0,0,0,0,0,0,0,0,0,0,0,0,0,0,0
18314,20,38,0,0,0,0,0,0,0,0,0,0,0,0,0,0,0,0,0
18337,6,14,0,0,0,0,0,0,0,0,0,0,0,0,0,0,0,0,0
18370,46,0,0,0,0,0,0,0,0,0,0,0,0,0,0,0,0,0,0
18453,6,14,0,0,0,0,0,0,0,0,0,0,0,0,0,0,0,0,0
18597,20,0,0,0,0,0,0,0,0,0,0,0,0,0,0,0,0,0,0
18698,7,0,0,0,0,0,0,0,0,0,0,0,0,0,0,0,0,0,0
18699,7,9,38,46,0,0,0,0,0,0,0,0,0,0,0,0,0,0,0
18730,3,6,14,82,0,0,0,0,0,0,0,0,0,0,0,0,0,0,0
18735,11,0,0,0,0,0,0,0,0,0,0,0,0,0,0,0,0,0,0
18808,18,0,0,0,0,0,0,0,0,0,0,0,0,0,0,0,0,0,0
18829,6,14,0,0,0,0,0,0,0,0,0,0,0,0,0,0,0,0,0
18870,6,14,0,0,0,0,0,0,0,0,0,0,0,0,0,0,0,0,0
18872,6,0,0,0,0,0,0,0,0,0,0,0,0,0,0,0,0,0,0
18924,6,0,0,0,0,0,0,0,0,0,0,0,0,0,0,0,0,0,0
18967,6,48,130,0,0,0,0,0,0,0,0,0,0,0,0,0,0,0,0
18984,6,0,0,0,0,0,0,0,0,0,0,0,0,0,0,0,0,0,0
19009,6,14,48,49,0,0,0,0,0,0,0,0,0,0,0,0,0,0,0
19069,6,0,0,0,0,0,0,0,0,0,0,0,0,0,0,0,0,0,0
19085,3,6,14,48,49,0,0,0,0,0,0,0,0,0,0,0,0,0,0
19118,18,0,0,0,0,0,0,0,0,0,0,0,0,0,0,0,0,0,0
19121,3,6,14,0,0,0,0,0,0,0,0,0,0,0,0,0,0,0,0
19131,37,0,0,0,0,0,0,0,0,0,0,0,0,0,0,0,0,0,0
19150,3,6,14,48,49,130,0,0,0,0,0,0,0,0,0,0,0,0,0
19190,6,0,0,0,0,0,0,0,0,0,0,0,0,0,0,0,0,0,0
19293,3,6,14,39,130,0,0,0,0,0,0,0,0,0,0,0,0,0,0
19297,3,6,14,39,48,49,0,0,0,0,0,0,0,0,0,0,0,0,0
19325,3,6,14,0,0,0,0,0,0,0,0,0,0,0,0,0,0,0,0
19334,34,39,0,0,0,0,0,0,0,0,0,0,0,0,0,0,0,0,0
19351,6,0,0,0,0,0,0,0,0,0,0,0,0,0,0,0,0,0,0
19394,6,48,49,0,0,0,0,0,0,0,0,0,0,0,0,0,0,0,0
19409,6,14,48,49,0,0,0,0,0,0,0,0,0,0,0,0,0,0,0
19456,6,49,130,0,0,0,0,0,0,0,0,0,0,0,0,0,0,0,0
19457,6,48,49,0,0,0,0,0,0,0,0,0,0,0,0,0,0,0,0
19526,14,39,0,0,0,0,0,0,0,0,0,0,0,0,0,0,0,0,0
19560,6,48,0,0,0,0,0,0,0,0,0,0,0,0,0,0,0,0,0
19564,6,48,0,0,0,0,0,0,0,0,0,0,0,0,0,0,0,0,0
19565,48,0,0,0,0,0,0,0,0,0,0,0,0,0,0,0,0,0,0
19598,37,0,0,0,0,0,0,0,0,0,0,0,0,0,0,0,0,0,0
19636,9,12,38,0,0,0,0,0,0,0,0,0,0,0,0,0,0,0,0
19686,6,48,49,0,0,0,0,0,0,0,0,0,0,0,0,0,0,0,0
19728,3,6,14,39,48,49,130,0,0,0,0,0,0,0,0,0,0,0,0
19729,3,6,14,48,49,130,0,0,0,0,0,0,0,0,0,0,0,0,0
19803,6,48,49,0,0,0,0,0,0,0,0,0,0,0,0,0,0,0,0
19839,6,48,49,130,0,0,0,0,0,0,0,0,0,0,0,0,0,0,0
19874,6,37,48,49,130,0,0,0,0,0,0,0,0,0,0,0,0,0,0
19875,6,0,0,0,0,0,0,0,0,0,0,0,0,0,0,0,0,0,0
19897,6,0,0,0,0,0,0,0,0,0,0,0,0,0,0,0,0,0,0
19910,12,0,0,0,0,0,0,0,0,0,0,0,0,0,0,0,0,0,0
19924,6,9,12,0,0,0,0,0,0,0,0,0,0,0,0,0,0,0,0
19942,3,6,14,0,0,0,0,0,0,0,0,0,0,0,0,0,0,0,0
19947,6,14,46,48,0,0,0,0,0,0,0,0,0,0,0,0,0,0,0
19959,48,0,0,0,0,0,0,0,0,0,0,0,0,0,0,0,0,0,0
19984,37,0,0,0,0,0,0,0,0,0,0,0,0,0,0,0,0,0,0
19994,9,46,0,0,0,0,0,0,0,0,0,0,0,0,0,0,0,0,0
20065,6,9,12,48,49,130,0,0,0,0,0,0,0,0,0,0,0,0,0
20068,9,46,0,0,0,0,0,0,0,0,0,0,0,0,0,0,0,0,0
20113,9,46,0,0,0,0,0,0,0,0,0,0,0,0,0,0,0,0,0
20189,6,48,49,0,0,0,0,0,0,0,0,0,0,0,0,0,0,0,0
20192,29,0,0,0,0,0,0,0,0,0,0,0,0,0,0,0,0,0,0
20196,9,0,0,0,0,0,0,0,0,0,0,0,0,0,0,0,0,0,0
20203,6,0,0,0,0,0,0,0,0,0,0,0,0,0,0,0,0,0,0
20341,6,9,12,0,0,0,0,0,0,0,0,0,0,0,0,0,0,0,0
20545,6,8,9,12,48,49,130,0,0,0,0,0,0,0,0,0,0,0,0
20566,6,9,34,39,0,0,0,0,0,0,0,0,0,0,0,0,0,0,0
20622,9,12,49,0,0,0,0,0,0,0,0,0,0,0,0,0,0,0,0
20655,24,0,0,0,0,0,0,0,0,0,0,0,0,0,0,0,0,0,0
20734,6,9,12,48,49,0,0,0,0,0,0,0,0,0,0,0,0,0,0
20740,6,12,0,0,0,0,0,0,0,0,0,0,0,0,0,0,0,0,0
20741,9,12,46,0,0,0,0,0,0,0,0,0,0,0,0,0,0,0,0
20744,6,9,48,49,130,0,0,0,0,0,0,0,0,0,0,0,0,0,0
20749,9,12,0,0,0,0,0,0,0,0,0,0,0,0,0,0,0,0,0
20834,41,0,0,0,0,0,0,0,0,0,0,0,0,0,0,0,0,0,0
20880,48,49,130,0,0,0,0,0,0,0,0,0,0,0,0,0,0,0,0
20970,9,12,0,0,0,0,0,0,0,0,0,0,0,0,0,0,0,0,0
20979,20,0,0,0,0,0,0,0,0,0,0,0,0,0,0,0,0,0,0
21014,23,52,130,0,0,0,0,0,0,0,0,0,0,0,0,0,0,0,0
21040,6,9,12,0,0,0,0,0,0,0,0,0,0,0,0,0,0,0,0
21073,37,0,0,0,0,0,0,0,0,0,0,0,0,0,0,0,0,0,0
21084,9,0,0,0,0,0,0,0,0,0,0,0,0,0,0,0,0,0,0
21184,5,0,0,0,0,0,0,0,0,0,0,0,0,0,0,0,0,0,0
21206,20,0,0,0,0,0,0,0,0,0,0,0,0,0,0,0,0,0,0
21669,9,12,52,0,0,0,0,0,0,0,0,0,0,0,0,0,0,0,0
21704,6,9,12,14,0,0,0,0,0,0,0,0,0,0,0,0,0,0,0
21715,9,0,0,0,0,0,0,0,0,0,0,0,0,0,0,0,0,0,0
21737,9,12,39,0,0,0,0,0,0,0,0,0,0,0,0,0,0,0,0
21762,6,48,49,0,0,0,0,0,0,0,0,0,0,0,0,0,0,0,0
21798,12,0,0,0,0,0,0,0,0,0,0,0,0,0,0,0,0,0,0
21838,12,32,0,0,0,0,0,0,0,0,0,0,0,0,0,0,0,0,0
21874,9,0,0,0,0,0,0,0,0,0,0,0,0,0,0,0,0,0,0
21892,6,9,12,0,0,0,0,0,0,0,0,0,0,0,0,0,0,0,0
21970,6,0,0,0,0,0,0,0,0,0,0,0,0,0,0,0,0,0,0
21972,6,14,0,0,0,0,0,0,0,0,0,0,0,0,0,0,0,0,0
21988,6,9,12,0,0,0,0,0,0,0,0,0,0,0,0,0,0,0,0
22066,6,8,11,0,0,0,0,0,0,0,0,0,0,0,0,0,0,0,0
22144,6,14,39,0,0,0,0,0,0,0,0,0,0,0,0,0,0,0,0
22239,8,0,0,0,0,0,0,0,0,0,0,0,0,0,0,0,0,0,0
22439,6,48,49,0,0,0,0,0,0,0,0,0,0,0,0,0,0,0,0
22461,37,0,0,0,0,0,0,0,0,0,0,0,0,0,0,0,0,0,0
22500,6,0,0,0,0,0,0,0,0,0,0,0,0,0,0,0,0,0,0
22555,14,34,39,0,0,0,0,0,0,0,0,0,0,0,0,0,0,0,0
22686,5,0,0,0,0,0,0,0,0,0,0,0,0,0,0,0,0,0,0
22705,34,39,0,0,0,0,0,0,0,0,0,0,0,0,0,0,0,0,0
22754,6,9,12,0,0,0,0,0,0,0,0,0,0,0,0,0,0,0,0
22778,6,48,49,170,0,0,0,0,0,0,0,0,0,0,0,0,0,0,0
22958,20,0,0,0,0,0,0,0,0,0,0,0,0,0,0,0,0,0,0
22984,8,52,0,0,0,0,0,0,0,0,0,0,0,0,0,0,0,0,0
23048,13,15,25,26,52,59,65,68,69,75,0,0,0,0,0,0,0,0,0
23095,20,0,0,0,0,0,0,0,0,0,0,0,0,0,0,0,0,0,0
23158,6,48,49,0,0,0,0,0,0,0,0,0,0,0,0,0,0,0,0
23190,3,6,14,39,49,0,0,0,0,0,0,0,0,0,0,0,0,0,0
23192,3,6,14,39,0,0,0,0,0,0,0,0,0,0,0,0,0,0,0
23294,6,14,130,0,0,0,0,0,0,0,0,0,0,0,0,0,0,0,0
23322,6,38,46,48,130,0,0,0,0,0,0,0,0,0,0,0,0,0,0
23323,6,38,46,48,130,0,0,0,0,0,0,0,0,0,0,0,0,0,0
23427,34,39,0,0,0,0,0,0,0,0,0,0,0,0,0,0,0,0,0
23499,6,34,39,48,49,130,0,0,0,0,0,0,0,0,0,0,0,0,0
23501,3,6,14,46,48,49,130,0,0,0,0,0,0,0,0,0,0,0,0
23701,3,6,14,0,0,0,0,0,0,0,0,0,0,0,0,0,0,0,0
23717,6,0,0,0,0,0,0,0,0,0,0,0,0,0,0,0,0,0,0
23851,6,14,48,49,130,0,0,0,0,0,0,0,0,0,0,0,0,0,0
23910,3,6,9,14,37,41,46,48,49,130,0,0,0,0,0,0,0,0,0
23954,48,49,0,0,0,0,0,0,0,0,0,0,0,0,0,0,0,0,0
23957,6,48,49,130,0,0,0,0,0,0,0,0,0,0,0,0,0,0,0
24080,6,8,38,0,0,0,0,0,0,0,0,0,0,0,0,0,0,0,0
24223,6,49,0,0,0,0,0,0,0,0,0,0,0,0,0,0,0,0,0
24413,6,7,22,0,0,0,0,0,0,0,0,0,0,0,0,0,0,0,0
24417,6,14,130,0,0,0,0,0,0,0,0,0,0,0,0,0,0,0,0
24427,3,6,14,0,0,0,0,0,0,0,0,0,0,0,0,0,0,0,0
24481,3,6,14,0,0,0,0,0,0,0,0,0,0,0,0,0,0,0,0
24493,34,39,0,0,0,0,0,0,0,0,0,0,0,0,0,0,0,0,0
24512,6,0,0,0,0,0,0,0,0,0,0,0,0,0,0,0,0,0,0
24645,20,0,0,0,0,0,0,0,0,0,0,0,0,0,0,0,0,0,0
24723,6,0,0,0,0,0,0,0,0,0,0,0,0,0,0,0,0,0,0
24869,5,21,0,0,0,0,0,0,0,0,0,0,0,0,0,0,0,0,0
24891,48,49,0,0,0,0,0,0,0,0,0,0,0,0,0,0,0,0,0
24917,6,162,0,0,0,0,0,0,0,0,0,0,0,0,0,0,0,0,0
24930,6,0,0,0,0,0,0,0,0,0,0,0,0,0,0,0,0,0,0
24952,37,0,0,0,0,0,0,0,0,0,0,0,0,0,0,0,0,0,0
24962,48,49,0,0,0,0,0,0,0,0,0,0,0,0,0,0,0,0,0
25076,6,48,49,170,0,0,0,0,0,0,0,0,0,0,0,0,0,0,0
25100,20,0,0,0,0,0,0,0,0,0,0,0,0,0,0,0,0,0,0
25253,6,37,46,48,49,130,0,0,0,0,0,0,0,0,0,0,0,0,0
25358,6,0,0,0,0,0,0,0,0,0,0,0,0,0,0,0,0,0,0
25513,6,34,39,74,0,0,0,0,0,0,0,0,0,0,0,0,0,0,0
25532,6,9,12,0,0,0,0,0,0,0,0,0,0,0,0,0,0,0,0
25572,3,6,14,0,0,0,0,0,0,0,0,0,0,0,0,0,0,0,0
25599,6,48,49,130,167,170,0,0,0,0,0,0,0,0,0,0,0,0,0
25632,161,163,165,384,385,386,0,0,0,0,0,0,0,0,0,0,0,0,0
25649,6,49,0,0,0,0,0,0,0,0,0,0,0,0,0,0,0,0,0
25651,3,6,14,39,46,48,0,0,0,0,0,0,0,0,0,0,0,0,0
25838,6,0,0,0,0,0,0,0,0,0,0,0,0,0,0,0,0,0,0
25843,3,6,14,48,49,0,0,0,0,0,0,0,0,0,0,0,0,0,0
26127,6,0,0,0,0,0,0,0,0,0,0,0,0,0,0,0,0,0,0
26143,7,0,0,0,0,0,0,0,0,0,0,0,0,0,0,0,0,0,0
26176,37,0,0,0,0,0,0,0,0,0,0,0,0,0,0,0,0,0,0
26192,48,0,0,0,0,0,0,0,0,0,0,0,0,0,0,0,0,0,0
26195,48,165,0,0,0,0,0,0,0,0,0,0,0,0,0,0,0,0,0
26226,3,6,14,48,49,130,170,0,0,0,0,0,0,0,0,0,0,0,0
26255,6,48,49,0,0,0,0,0,0,0,0,0,0,0,0,0,0,0,0
26384,9,37,0,0,0,0,0,0,0,0,0,0,0,0,0,0,0,0,0
26451,6,162,0,0,0,0,0,0,0,0,0,0,0,0,0,0,0,0,0
26472,6,14,0,0,0,0,0,0,0,0,0,0,0,0,0,0,0,0,0
26625,6,14,48,0,0,0,0,0,0,0,0,0,0,0,0,0,0,0,0
26673,6,14,48,49,130,0,0,0,0,0,0,0,0,0,0,0,0,0,0
26700,6,34,39,46,48,130,0,0,0,0,0,0,0,0,0,0,0,0,0
26758,130,0,0,0,0,0,0,0,0,0,0,0,0,0,0,0,0,0,0
26766,130,0,0,0,0,0,0,0,0,0,0,0,0,0,0,0,0,0,0
26775,130,0,0,0,0,0,0,0,0,0,0,0,0,0,0,0,0,0,0
26795,6,0,0,0,0,0,0,0,0,0,0,0,0,0,0,0,0,0,0
26805,20,0,0,0,0,0,0,0,0,0,0,0,0,0,0,0,0,0,0
26834,6,9,46,48,0,0,0,0,0,0,0,0,0,0,0,0,0,0,0
26840,37,0,0,0,0,0,0,0,0,0,0,0,0,0,0,0,0,0,0
26845,130,0,0,0,0,0,0,0,0,0,0,0,0,0,0,0,0,0,0
26848,3,6,9,14,37,41,46,48,49,130,0,0,0,0,0,0,0,0,0
26916,6,48,49,0,0,0,0,0,0,0,0,0,0,0,0,0,0,0,0
26940,6,14,34,39,48,49,130,0,0,0,0,0,0,0,0,0,0,0,0
26974,3,6,0,0,0,0,0,0,0,0,0,0,0,0,0,0,0,0,0
27028,34,39,46,130,0,0,0,0,0,0,0,0,0,0,0,0,0,0,0
27033,37,0,0,0,0,0,0,0,0,0,0,0,0,0,0,0,0,0,0
27034,3,6,14,48,130,0,0,0,0,0,0,0,0,0,0,0,0,0,0
27035,48,49,130,0,0,0,0,0,0,0,0,0,0,0,0,0,0,0,0
27072,3,6,14,39,0,0,0,0,0,0,0,0,0,0,0,0,0,0,0
27129,37,0,0,0,0,0,0,0,0,0,0,0,0,0,0,0,0,0,0
27241,3,6,9,14,37,41,46,48,49,130,132,0,0,0,0,0,0,0,0
27258,37,0,0,0,0,0,0,0,0,0,0,0,0,0,0,0,0,0,0
27304,6,46,48,130,170,0,0,0,0,0,0,0,0,0,0,0,0,0,0
27396,6,48,49,0,0,0,0,0,0,0,0,0,0,0,0,0,0,0,0
27397,34,39,130,0,0,0,0,0,0,0,0,0,0,0,0,0,0,0,0
27436,6,14,39,48,49,130,0,0,0,0,0,0,0,0,0,0,0,0,0
27461,19,306,0,0,0,0,0,0,0,0,0,0,0,0,0,0,0,0,0
27499,6,34,39,48,49,130,0,0,0,0,0,0,0,0,0,0,0,0,0
27667,6,46,48,49,130,170,0,0,0,0,0,0,0,0,0,0,0,0,0
27677,6,12,0,0,0,0,0,0,0,0,0,0,0,0,0,0,0,0,0
27685,6,34,39,0,0,0,0,0,0,0,0,0,0,0,0,0,0,0,0
27762,3,6,14,0,0,0,0,0,0,0,0,0,0,0,0,0,0,0,0
27820,6,0,0,0,0,0,0,0,0,0,0,0,0,0,0,0,0,0,0
27844,6,0,0,0,0,0,0,0,0,0,0,0,0,0,0,0,0,0,0
27845,6,9,12,0,0,0,0,0,0,0,0,0,0,0,0,0,0,0,0
27857,6,39,0,0,0,0,0,0,0,0,0,0,0,0,0,0,0,0,0
27862,6,9,12,14,0,0,0,0,0,0,0,0,0,0,0,0,0,0,0
27867,6,14,130,0,0,0,0,0,0,0,0,0,0,0,0,0,0,0,0
27911,6,9,12,0,0,0,0,0,0,0,0,0,0,0,0,0,0,0,0
27916,130,0,0,0,0,0,0,0,0,0,0,0,0,0,0,0,0,0,0
27930,6,14,34,39,48,49,130,0,0,0,0,0,0,0,0,0,0,0,0
27959,37,0,0,0,0,0,0,0,0,0,0,0,0,0,0,0,0,0,0
27979,6,48,49,0,0,0,0,0,0,0,0,0,0,0,0,0,0,0,0
28028,3,6,14,0,0,0,0,0,0,0,0,0,0,0,0,0,0,0,0
28073,6,14,39,0,0,0,0,0,0,0,0,0,0,0,0,0,0,0,0
28129,6,130,0,0,0,0,0,0,0,0,0,0,0,0,0,0,0,0,0
28142,6,0,0,0,0,0,0,0,0,0,0,0,0,0,0,0,0,0,0
28160,3,6,14,34,39,48,49,130,0,0,0,0,0,0,0,0,0,0,0
28176,6,48,49,130,0,0,0,0,0,0,0,0,0,0,0,0,0,0,0
28210,6,48,49,0,0,0,0,0,0,0,0,0,0,0,0,0,0,0,0
28222,6,14,0,0,0,0,0,0,0,0,0,0,0,0,0,0,0,0,0
28323,6,48,49,130,0,0,0,0,0,0,0,0,0,0,0,0,0,0,0
28337,48,130,0,0,0,0,0,0,0,0,0,0,0,0,0,0,0,0,0
28389,19,0,0,0,0,0,0,0,0,0,0,0,0,0,0,0,0,0,0
28412,39,48,49,130,0,0,0,0,0,0,0,0,0,0,0,0,0,0,0
28710,34,39,0,0,0,0,0,0,0,0,0,0,0,0,0,0,0,0,0
28738,6,0,0,0,0,0,0,0,0,0,0,0,0,0,0,0,0,0,0
28896,34,39,0,0,0,0,0,0,0,0,0,0,0,0,0,0,0,0,0
28935,3,6,14,130,0,0,0,0,0,0,0,0,0,0,0,0,0,0,0
28955,3,6,0,0,0,0,0,0,0,0,0,0,0,0,0,0,0,0,0
28972,6,0,0,0,0,0,0,0,0,0,0,0,0,0,0,0,0,0,0
28981,6,0,0,0,0,0,0,0,0,0,0,0,0,0,0,0,0,0,0
29211,6,0,0,0,0,0,0,0,0,0,0,0,0,0,0,0,0,0,0
29586,6,48,49,130,0,0,0,0,0,0,0,0,0,0,0,0,0,0,0
29920,6,14,0,0,0,0,0,0,0,0,0,0,0,0,0,0,0,0,0
29927,6,14,0,0,0,0,0,0,0,0,0,0,0,0,0,0,0,0,0
29961,3,6,14,34,39,48,49,0,0,0,0,0,0,0,0,0,0,0,0
30155,6,14,49,0,0,0,0,0,0,0,0,0,0,0,0,0,0,0,0
30237,6,0,0,0,0,0,0,0,0,0,0,0,0,0,0,0,0,0,0
30424,3,6,14,48,130,0,0,0,0,0,0,0,0,0,0,0,0,0,0
30548,6,163,0,0,0,0,0,0,0,0,0,0,0,0,0,0,0,0,0
30583,3,6,14,48,49,130,0,0,0,0,0,0,0,0,0,0,0,0,0
30804,6,39,48,130,0,0,0,0,0,0,0,0,0,0,0,0,0,0,0
30968,6,14,39,130,0,0,0,0,0,0,0,0,0,0,0,0,0,0,0
30994,6,14,0,0,0,0,0,0,0,0,0,0,0,0,0,0,0,0,0
31149,6,39,0,0,0,0,0,0,0,0,0,0,0,0,0,0,0,0,0
31292,6,14,130,0,0,0,0,0,0,0,0,0,0,0,0,0,0,0,0
32469,6,14,49,0,0,0,0,0,0,0,0,0,0,0,0,0,0,0,0
32614,6,0,0,0,0,0,0,0,0,0,0,0,0,0,0,0,0,0,0
32889,6,384,386,0,0,0,0,0,0,0,0,0,0,0,0,0,0,0,0
32902,6,0,0,0,0,0,0,0,0,0,0,0,0,0,0,0,0,0,0
32969,6,48,49,130,0,0,0,0,0,0,0,0,0,0,0,0,0,0,0
33306,6,14,39,82,0,0,0,0,0,0,0,0,0,0,0,0,0,0,0
33414,6,14,48,49,130,0,0,0,0,0,0,0,0,0,0,0,0,0,0
33992,3,6,14,48,49,130,0,0,0,0,0,0,0,0,0,0,0,0,0
34062,6,0,0,0,0,0,0,0,0,0,0,0,0,0,0,0,0,0,0
34266,6,0,0,0,0,0,0,0,0,0,0,0,0,0,0,0,0,0,0
34293,6,14,48,49,130,0,0,0,0,0,0,0,0,0,0,0,0,0,0
34392,6,0,0,0,0,0,0,0,0,0,0,0,0,0,0,0,0,0,0
34610,3,6,14,0,0,0,0,0,0,0,0,0,0,0,0,0,0,0,0
34669,6,0,0,0,0,0,0,0,0,0,0,0,0,0,0,0,0,0,0
34670,6,39,130,0,0,0,0,0,0,0,0,0,0,0,0,0,0,0,0
34951,3,6,48,49,0,0,0,0,0,0,0,0,0,0,0,0,0,0,0
35282,3,6,14,48,49,130,167,0,0,0,0,0,0,0,0,0,0,0,0
35934,3,6,14,0,0,0,0,0,0,0,0,0,0,0,0,0,0,0,0
36550,6,48,49,167,169,0,0,0,0,0,0,0,0,0,0,0,0,0,0
36620,6,14,130,0,0,0,0,0,0,0,0,0,0,0,0,0,0,0,0
36721,6,14,34,0,0,0,0,0,0,0,0,0,0,0,0,0,0,0,0
36749,14,34,39,0,0,0,0,0,0,0,0,0,0,0,0,0,0,0,0
36929,3,6,14,48,49,0,0,0,0,0,0,0,0,0,0,0,0,0,0
37001,6,49,130,169,0,0,0,0,0,0,0,0,0,0,0,0,0,0,0
37034,130,0,0,0,0,0,0,0,0,0,0,0,0,0,0,0,0,0,0
37057,3,6,14,48,49,130,0,0,0,0,0,0,0,0,0,0,0,0,0
37059,6,0,0,0,0,0,0,0,0,0,0,0,0,0,0,0,0,0,0
37060,3,6,14,48,49,0,0,0,0,0,0,0,0,0,0,0,0,0,0
37083,48,0,0,0,0,0,0,0,0,0,0,0,0,0,0,0,0,0,0
37138,6,372,0,0,0,0,0,0,0,0,0,0,0,0,0,0,0,0,0
37184,34,39,0,0,0,0,0,0,0,0,0,0,0,0,0,0,0,0,0
38387,58,0,0,0,0,0,0,0,0,0,0,0,0,0,0,0,0,0,0
38884,39,0,0,0,0,0,0,0,0,0,0,0,0,0,0,0,0,0,0
38973,6,48,49,130,0,0,0,0,0,0,0,0,0,0,0,0,0,0,0
39216,34,39,0,0,0,0,0,0,0,0,0,0,0,0,0,0,0,0,0
39217,6,34,39,46,48,74,0,0,0,0,0,0,0,0,0,0,0,0,0
39463,52,79,0,0,0,0,0,0,0,0,0,0,0,0,0,0,0,0,0
39539,5,52,130,0,0,0,0,0,0,0,0,0,0,0,0,0,0,0,0
40477,3,6,14,34,39,48,49,130,0,0,0,0,0,0,0,0,0,0,0
41026,34,39,46,0,0,0,0,0,0,0,0,0,0,0,0,0,0,0,0
41595,6,9,12,48,49,130,0,0,0,0,0,0,0,0,0,0,0,0,0
41597,6,9,12,0,0,0,0,0,0,0,0,0,0,0,0,0,0,0,0
41610,6,48,49,0,0,0,0,0,0,0,0,0,0,0,0,0,0,0,0
41620,48,49,0,0,0,0,0,0,0,0,0,0,0,0,0,0,0,0,0
41621,6,14,34,39,0,0,0,0,0,0,0,0,0,0,0,0,0,0,0
41829,41,130,0,0,0,0,0,0,0,0,0,0,0,0,0,0,0,0,0
41862,48,49,0,0,0,0,0,0,0,0,0,0,0,0,0,0,0,0,0
41876,48,0,0,0,0,0,0,0,0,0,0,0,0,0,0,0,0,0,0
41877,48,0,0,0,0,0,0,0,0,0,0,0,0,0,0,0,0,0,0
41884,9,0,0,0,0,0,0,0,0,0,0,0,0,0,0,0,0,0,0
42554,19,0,0,0,0,0,0,0,0,0,0,0,0,0,0,0,0,0,0
42635,6,19,58,0,0,0,0,0,0,0,0,0,0,0,0,0,0,0,0
42813,38,0,0,0,0,0,0,0,0,0,0,0,0,0,0,0,0,0,0
42929,48,49,0,0,0,0,0,0,0,0,0,0,0,0,0,0,0,0,0
42931,48,0,0,0,0,0,0,0,0,0,0,0,0,0,0,0,0,0,0
42975,9,12,0,0,0,0,0,0,0,0,0,0,0,0,0,0,0,0,0
43017,9,12,48,49,0,0,0,0,0,0,0,0,0,0,0,0,0,0,0
43680,8,52,0,0,0,0,0,0,0,0,0,0,0,0,0,0,0,0,0
43914,7,0,0,0,0,0,0,0,0,0,0,0,0,0,0,0,0,0,0
44078,6,46,130,0,0,0,0,0,0,0,0,0,0,0,0,0,0,0,0
44390,37,0,0,0,0,0,0,0,0,0,0,0,0,0,0,0,0,0,0
45142,4,21,0,0,0,0,0,0,0,0,0,0,0,0,0,0,0,0,0
45178,9,12,0,0,0,0,0,0,0,0,0,0,0,0,0,0,0,0,0
46265,29,0,0,0,0,0,0,0,0,0,0,0,0,0,0,0,0,0,0
46614,6,0,0,0,0,0,0,0,0,0,0,0,0,0,0,0,0,0,0
46619,6,0,0,0,0,0,0,0,0,0,0,0,0,0,0,0,0,0,0
46976,6,0,0,0,0,0,0,0,0,0,0,0,0,0,0,0,0,0,0
46980,6,238,0,0,0,0,0,0,0,0,0,0,0,0,0,0,0,0,0
47107,6,0,0,0,0,0,0,0,0,0,0,0,0,0,0,0,0,0,0
47445,6,9,12,0,0,0,0,0,0,0,0,0,0,0,0,0,0,0,0
47447,9,12,39,0,0,0,0,0,0,0,0,0,0,0,0,0,0,0,0
49652,24,0,0,0,0,0,0,0,0,0,0,0,0,0,0,0,0,0,0
50347,6,12,13,0,0,0,0,0,0,0,0,0,0,0,0,0,0,0,0
50357,13,14,0,0,0,0,0,0,0,0,0,0,0,0,0,0,0,0,0
51226,6,0,0,0,0,0,0,0,0,0,0,0,0,0,0,0,0,0,0
51267,6,0,0,0,0,0,0,0,0,0,0,0,0,0,0,0,0,0,0
51378,48,49,0,0,0,0,0,0,0,0,0,0,0,0,0,0,0,0,0
51485,6,14,34,39,0,0,0,0,0,0,0,0,0,0,0,0,0,0,0
51799,6,14,0,0,0,0,0,0,0,0,0,0,0,0,0,0,0,0,0
51820,3,6,14,0,0,0,0,0,0,0,0,0,0,0,0,0,0,0,0
52006,6,0,0,0,0,0,0,0,0,0,0,0,0,0,0,0,0,0,0
52213,34,37,39,46,0,0,0,0,0,0,0,0,0,0,0,0,0,0,0
52496,3,5,6,9,12,14,20,38,0,0,0,0,0,0,0,0,0,0,0
52578,39,46,48,0,0,0,0,0,0,0,0,0,0,0,0,0,0,0,0
52715,48,49,0,0,0,0,0,0,0,0,0,0,0,0,0,0,0,0,0
52881,34,39,0,0,0,0,0,0,0,0,0,0,0,0,0,0,0,0,0
53127,6,9,14,34,39,74,0,0,0,0,0,0,0,0,0,0,0,0,0
53387,6,0,0,0,0,0,0,0,0,0,0,0,0,0,0,0,0,0,0
53506,49,0,0,0,0,0,0,0,0,0,0,0,0,0,0,0,0,0,0
53812,6,0,0,0,0,0,0,0,0,0,0,0,0,0,0,0,0,0,0
53818,6,9,12,0,0,0,0,0,0,0,0,0,0,0,0,0,0,0,0
54167,6,48,49,130,0,0,0,0,0,0,0,0,0,0,0,0,0,0,0
54220,37,0,0,0,0,0,0,0,0,0,0,0,0,0,0,0,0,0,0
54350,34,39,0,0,0,0,0,0,0,0,0,0,0,0,0,0,0,0,0
54612,6,48,49,0,0,0,0,0,0,0,0,0,0,0,0,0,0,0,0
54662,3,6,14,23,0,0,0,0,0,0,0,0,0,0,0,0,0,0,0
55036,6,0,0,0,0,0,0,0,0,0,0,0,0,0,0,0,0,0,0
55056,6,0,0,0,0,0,0,0,0,0,0,0,0,0,0,0,0,0,0
55057,6,0,0,0,0,0,0,0,0,0,0,0,0,0,0,0,0,0,0
55077,6,39,0,0,0,0,0,0,0,0,0,0,0,0,0,0,0,0,0
55090,6,48,49,0,0,0,0,0,0,0,0,0,0,0,0,0,0,0,0
55112,48,0,0,0,0,0,0,0,0,0,0,0,0,0,0,0,0,0,0
55169,34,39,0,0,0,0,0,0,0,0,0,0,0,0,0,0,0,0,0
55322,6,48,49,0,0,0,0,0,0,0,0,0,0,0,0,0,0,0,0
55372,6,0,0,0,0,0,0,0,0,0,0,0,0,0,0,0,0,0,0
55590,6,0,0,0,0,0,0,0,0,0,0,0,0,0,0,0,0,0,0
55697,3,6,14,0,0,0,0,0,0,0,0,0,0,0,0,0,0,0,0
55771,6,48,49,130,0,0,0,0,0,0,0,0,0,0,0,0,0,0,0
56018,34,39,0,0,0,0,0,0,0,0,0,0,0,0,0,0,0,0,0
56060,34,39,0,0,0,0,0,0,0,0,0,0,0,0,0,0,0,0,0
56590,34,39,0,0,0,0,0,0,0,0,0,0,0,0,0,0,0,0,0
56929,39,0,0,0,0,0,0,0,0,0,0,0,0,0,0,0,0,0,0
56967,39,0,0,0,0,0,0,0,0,0,0,0,0,0,0,0,0,0,0
57064,34,39,0,0,0,0,0,0,0,0,0,0,0,0,0,0,0,0,0
57153,3,6,14,34,39,0,0,0,0,0,0,0,0,0,0,0,0,0,0
57191,34,39,0,0,0,0,0,0,0,0,0,0,0,0,0,0,0,0,0
57192,6,130,0,0,0,0,0,0,0,0,0,0,0,0,0,0,0,0,0
57297,37,0,0,0,0,0,0,0,0,0,0,0,0,0,0,0,0,0,0
58141,34,39,130,0,0,0,0,0,0,0,0,0,0,0,0,0,0,0,0
58656,34,39,0,0,0,0,0,0,0,0,0,0,0,0,0,0,0,0,0
58672,6,34,39,0,0,0,0,0,0,0,0,0,0,0,0,0,0,0,0
58717,6,37,130,0,0,0,0,0,0,0,0,0,0,0,0,0,0,0,0
58946,41,48,49,130,0,0,0,0,0,0,0,0,0,0,0,0,0,0,0
59086,6,14,34,39,0,0,0,0,0,0,0,0,0,0,0,0,0,0,0
59433,37,0,0,0,0,0,0,0,0,0,0,0,0,0,0,0,0,0,0
59437,34,39,0,0,0,0,0,0,0,0,0,0,0,0,0,0,0,0,0
59547,6,34,39,0,0,0,0,0,0,0,0,0,0,0,0,0,0,0,0
59849,48,49,0,0,0,0,0,0,0,0,0,0,0,0,0,0,0,0,0
59858,3,6,14,48,49,130,0,0,0,0,0,0,0,0,0,0,0,0,0
60224,34,39,0,0,0,0,0,0,0,0,0,0,0,0,0,0,0,0,0
63499,34,39,0,0,0,0,0,0,0,0,0,0,0,0,0,0,0,0,0
65290,14,39,0,0,0,0,0,0,0,0,0,0,0,0,0,0,0,0,0
67778,5,8,9,12,0,0,0,0,0,0,0,0,0,0,0,0,0,0,0
67852,20,55,0,0,0,0,0,0,0,0,0,0,0,0,0,0,0,0,0
68161,130,0,0,0,0,0,0,0,0,0,0,0,0,0,0,0,0,0,0
68316,39,0,0,0,0,0,0,0,0,0,0,0,0,0,0,0,0,0,0
68344,6,48,49,0,0,0,0,0,0,0,0,0,0,0,0,0,0,0,0
68407,5,8,9,12,0,0,0,0,0,0,0,0,0,0,0,0,0,0,0
68713,3,6,14,48,49,0,0,0,0,0,0,0,0,0,0,0,0,0,0
69392,34,39,0,0,0,0,0,0,0,0,0,0,0,0,0,0,0,0,0
69638,18,0,0,0,0,0,0,0,0,0,0,0,0,0,0,0,0,0,0
70166,5,9,38,150,0,0,0,0,0,0,0,0,0,0,0,0,0,0,0
71595,6,14,48,49,130,0,0,0,0,0,0,0,0,0,0,0,0,0,0
72327,6,0,0,0,0,0,0,0,0,0,0,0,0,0,0,0,0,0,0
72443,6,0,0,0,0,0,0,0,0,0,0,0,0,0,0,0,0,0,0
72870,6,48,0,0,0,0,0,0,0,0,0,0,0,0,0,0,0,0,0
74162,6,39,48,49,130,0,0,0,0,0,0,0,0,0,0,0,0,0,0
74285,130,0,0,0,0,0,0,0,0,0,0,0,0,0,0,0,0,0,0
74545,3,6,14,0,0,0,0,0,0,0,0,0,0,0,0,0,0,0,0
74732,3,6,14,0,0,0,0,0,0,0,0,0,0,0,0,0,0,0,0
74828,34,39,130,0,0,0,0,0,0,0,0,0,0,0,0,0,0,0,0
74878,3,6,14,48,49,0,0,0,0,0,0,0,0,0,0,0,0,0,0
74904,6,0,0,0,0,0,0,0,0,0,0,0,0,0,0,0,0,0,0
74946,46,48,130,0,0,0,0,0,0,0,0,0,0,0,0,0,0,0,0
74960,39,0,0,0,0,0,0,0,0,0,0,0,0,0,0,0,0,0,0
75131,14,34,39,0,0,0,0,0,0,0,0,0,0,0,0,0,0,0,0
75235,48,0,0,0,0,0,0,0,0,0,0,0,0,0,0,0,0,0,0
75239,6,48,49,130,169,0,0,0,0,0,0,0,0,0,0,0,0,0,0
75868,6,14,48,49,0,0,0,0,0,0,0,0,0,0,0,0,0,0,0
75932,6,49,0,0,0,0,0,0,0,0,0,0,0,0,0,0,0,0,0
76045,5,6,46,48,52,0,0,0,0,0,0,0,0,0,0,0,0,0,0
76110,6,14,0,0,0,0,0,0,0,0,0,0,0,0,0,0,0,0,0
76217,130,0,0,0,0,0,0,0,0,0,0,0,0,0,0,0,0,0,0
76244,6,34,37,39,48,130,0,0,0,0,0,0,0,0,0,0,0,0,0
76331,6,49,130,0,0,0,0,0,0,0,0,0,0,0,0,0,0,0,0
76356,3,6,14,39,0,0,0,0,0,0,0,0,0,0,0,0,0,0,0
76641,6,14,49,0,0,0,0,0,0,0,0,0,0,0,0,0,0,0,0
76844,34,39,55,0,0,0,0,0,0,0,0,0,0,0,0,0,0,0,0
76882,6,48,49,170,0,0,0,0,0,0,0,0,0,0,0,0,0,0,0
76927,39,0,0,0,0,0,0,0,0,0,0,0,0,0,0,0,0,0,0
76959,48,49,130,0,0,0,0,0,0,0,0,0,0,0,0,0,0,0,0
77264,3,6,14,130,0,0,0,0,0,0,0,0,0,0,0,0,0,0,0
77267,34,39,0,0,0,0,0,0,0,0,0,0,0,0,0,0,0,0,0
77336,24,159,0,0,0,0,0,0,0,0,0,0,0,0,0,0,0,0,0
77378,19,0,0,0,0,0,0,0,0,0,0,0,0,0,0,0,0,0,0
77488,6,14,0,0,0,0,0,0,0,0,0,0,0,0,0,0,0,0,0
77537,130,0,0,0,0,0,0,0,0,0,0,0,0,0,0,0,0,0,0
78059,6,48,130,0,0,0,0,0,0,0,0,0,0,0,0,0,0,0,0
78115,6,48,130,170,0,0,0,0,0,0,0,0,0,0,0,0,0,0,0
78127,48,49,130,0,0,0,0,0,0,0,0,0,0,0,0,0,0,0,0
78386,34,39,0,0,0,0,0,0,0,0,0,0,0,0,0,0,0,0,0
78544,34,39,0,0,0,0,0,0,0,0,0,0,0,0,0,0,0,0,0
78559,152,157,0,0,0,0,0,0,0,0,0,0,0,0,0,0,0,0,0
78631,5,0,0,0,0,0,0,0,0,0,0,0,0,0,0,0,0,0,0
78951,34,39,0,0,0,0,0,0,0,0,0,0,0,0,0,0,0,0,0
79149,21,0,0,0,0,0,0,0,0,0,0,0,0,0,0,0,0,0,0
79156,6,8,0,0,0,0,0,0,0,0,0,0,0,0,0,0,0,0,0
79812,9,46,48,49,130,0,0,0,0,0,0,0,0,0,0,0,0,0,0
79987,130,0,0,0,0,0,0,0,0,0,0,0,0,0,0,0,0,0,0
80174,5,41,58,130,137,0,0,0,0,0,0,0,0,0,0,0,0,0,0
80185,48,49,130,0,0,0,0,0,0,0,0,0,0,0,0,0,0,0,0
80468,9,0,0,0,0,0,0,0,0,0,0,0,0,0,0,0,0,0,0
80731,37,0,0,0,0,0,0,0,0,0,0,0,0,0,0,0,0,0,0
80877,48,49,0,0,0,0,0,0,0,0,0,0,0,0,0,0,0,0,0
81016,39,0,0,0,0,0,0,0,0,0,0,0,0,0,0,0,0,0,0
81085,6,48,49,130,0,0,0,0,0,0,0,0,0,0,0,0,0,0,0
81141,6,0,0,0,0,0,0,0,0,0,0,0,0,0,0,0,0,0,0
81247,6,0,0,0,0,0,0,0,0,0,0,0,0,0,0,0,0,0,0
81272,37,0,0,0,0,0,0,0,0,0,0,0,0,0,0,0,0,0,0
81732,3,6,14,39,130,0,0,0,0,0,0,0,0,0,0,0,0,0,0
81894,39,0,0,0,0,0,0,0,0,0,0,0,0,0,0,0,0,0,0
82370,46,48,130,0,0,0,0,0,0,0,0,0,0,0,0,0,0,0,0
82372,48,49,130,0,0,0,0,0,0,0,0,0,0,0,0,0,0,0,0
82374,3,6,14,48,49,0,0,0,0,0,0,0,0,0,0,0,0,0,0
82375,49,0,0,0,0,0,0,0,0,0,0,0,0,0,0,0,0,0,0
82376,6,48,49,0,0,0,0,0,0,0,0,0,0,0,0,0,0,0,0
82377,6,48,49,0,0,0,0,0,0,0,0,0,0,0,0,0,0,0,0
82392,48,49,130,0,0,0,0,0,0,0,0,0,0,0,0,0,0,0,0
82418,41,49,0,0,0,0,0,0,0,0,0,0,0,0,0,0,0,0,0
82421,48,49,0,0,0,0,0,0,0,0,0,0,0,0,0,0,0,0,0
82435,6,9,12,48,49,0,0,0,0,0,0,0,0,0,0,0,0,0,0
82441,48,49,130,0,0,0,0,0,0,0,0,0,0,0,0,0,0,0,0
83322,34,39,73,0,0,0,0,0,0,0,0,0,0,0,0,0,0,0,0
83504,3,6,14,0,0,0,0,0,0,0,0,0,0,0,0,0,0,0,0
83535,6,48,49,130,161,162,165,0,0,0,0,0,0,0,0,0,0,0,0
83730,130,0,0,0,0,0,0,0,0,0,0,0,0,0,0,0,0,0,0
83876,6,12,49,0,0,0,0,0,0,0,0,0,0,0,0,0,0,0,0
83881,6,0,0,0,0,0,0,0,0,0,0,0,0,0,0,0,0,0,0
84157,5,41,58,137,306,0,0,0,0,0,0,0,0,0,0,0,0,0,0
84657,37,0,0,0,0,0,0,0,0,0,0,0,0,0,0,0,0,0,0
84677,37,0,0,0,0,0,0,0,0,0,0,0,0,0,0,0,0,0,0
84696,5,41,0,0,0,0,0,0,0,0,0,0,0,0,0,0,0,0,0
84697,5,41,0,0,0,0,0,0,0,0,0,0,0,0,0,0,0,0,0
84724,130,0,0,0,0,0,0,0,0,0,0,0,0,0,0,0,0,0,0
84972,20,0,0,0,0,0,0,0,0,0,0,0,0,0,0,0,0,0,0
85619,130,0,0,0,0,0,0,0,0,0,0,0,0,0,0,0,0,0,0
86295,6,14,34,39,130,0,0,0,0,0,0,0,0,0,0,0,0,0,0
86389,48,49,0,0,0,0,0,0,0,0,0,0,0,0,0,0,0,0,0
86494,34,39,0,0,0,0,0,0,0,0,0,0,0,0,0,0,0,0,0
86647,130,0,0,0,0,0,0,0,0,0,0,0,0,0,0,0,0,0,0
86828,39,0,0,0,0,0,0,0,0,0,0,0,0,0,0,0,0,0,0
86970,34,39,0,0,0,0,0,0,0,0,0,0,0,0,0,0,0,0,0
87020,34,39,0,0,0,0,0,0,0,0,0,0,0,0,0,0,0,0,0
87026,34,39,0,0,0,0,0,0,0,0,0,0,0,0,0,0,0,0,0
87030,39,0,0,0,0,0,0,0,0,0,0,0,0,0,0,0,0,0,0
87031,39,0,0,0,0,0,0,0,0,0,0,0,0,0,0,0,0,0,0
87088,6,14,34,39,0,0,0,0,0,0,0,0,0,0,0,0,0,0,0
87183,34,39,130,0,0,0,0,0,0,0,0,0,0,0,0,0,0,0,0
87197,130,0,0,0,0,0,0,0,0,0,0,0,0,0,0,0,0,0,0
87214,6,14,39,0,0,0,0,0,0,0,0,0,0,0,0,0,0,0,0
87338,6,39,0,0,0,0,0,0,0,0,0,0,0,0,0,0,0,0,0
87352,6,39,0,0,0,0,0,0,0,0,0,0,0,0,0,0,0,0,0
87367,34,39,130,0,0,0,0,0,0,0,0,0,0,0,0,0,0,0,0
87407,39,0,0,0,0,0,0,0,0,0,0,0,0,0,0,0,0,0,0
87530,6,0,0,0,0,0,0,0,0,0,0,0,0,0,0,0,0,0,0
87570,6,0,0,0,0,0,0,0,0,0,0,0,0,0,0,0,0,0,0
87577,39,0,0,0,0,0,0,0,0,0,0,0,0,0,0,0,0,0,0
87579,34,39,0,0,0,0,0,0,0,0,0,0,0,0,0,0,0,0,0
87683,6,48,49,130,0,0,0,0,0,0,0,0,0,0,0,0,0,0,0
88223,34,39,0,0,0,0,0,0,0,0,0,0,0,0,0,0,0,0,0
88320,39,0,0,0,0,0,0,0,0,0,0,0,0,0,0,0,0,0,0
88563,6,48,74,130,0,0,0,0,0,0,0,0,0,0,0,0,0,0,0
88578,6,48,49,130,0,0,0,0,0,0,0,0,0,0,0,0,0,0,0
88618,130,0,0,0,0,0,0,0,0,0,0,0,0,0,0,0,0,0,0
88750,6,0,0,0,0,0,0,0,0,0,0,0,0,0,0,0,0,0,0
88844,6,0,0,0,0,0,0,0,0,0,0,0,0,0,0,0,0,0,0
88881,34,39,0,0,0,0,0,0,0,0,0,0,0,0,0,0,0,0,0
88904,39,0,0,0,0,0,0,0,0,0,0,0,0,0,0,0,0,0,0
88905,34,39,0,0,0,0,0,0,0,0,0,0,0,0,0,0,0,0,0
88907,48,49,130,0,0,0,0,0,0,0,0,0,0,0,0,0,0,0,0
88938,39,130,0,0,0,0,0,0,0,0,0,0,0,0,0,0,0,0,0
89181,384,386,0,0,0,0,0,0,0,0,0,0,0,0,0,0,0,0,0
89492,39,0,0,0,0,0,0,0,0,0,0,0,0,0,0,0,0,0,0
89594,3,6,14,48,49,130,0,0,0,0,0,0,0,0,0,0,0,0,0
89730,34,0,0,0,0,0,0,0,0,0,0,0,0,0,0,0,0,0,0
89738,49,0,0,0,0,0,0,0,0,0,0,0,0,0,0,0,0,0,0
89771,6,48,130,0,0,0,0,0,0,0,0,0,0,0,0,0,0,0,0
89817,34,39,0,0,0,0,0,0,0,0,0,0,0,0,0,0,0,0,0
89929,48,0,0,0,0,0,0,0,0,0,0,0,0,0,0,0,0,0,0
90051,6,34,39,55,130,0,0,0,0,0,0,0,0,0,0,0,0,0,0
90101,130,0,0,0,0,0,0,0,0,0,0,0,0,0,0,0,0,0,0
90435,6,14,39,0,0,0,0,0,0,0,0,0,0,0,0,0,0,0,0
90517,48,49,130,0,0,0,0,0,0,0,0,0,0,0,0,0,0,0,0
90518,48,49,130,0,0,0,0,0,0,0,0,0,0,0,0,0,0,0,0
90974,6,48,49,0,0,0,0,0,0,0,0,0,0,0,0,0,0,0,0
91121,39,48,49,130,0,0,0,0,0,0,0,0,0,0,0,0,0,0,0
91191,3,6,14,0,0,0,0,0,0,0,0,0,0,0,0,0,0,0,0
91212,6,48,49,0,0,0,0,0,0,0,0,0,0,0,0,0,0,0,0
91477,6,14,0,0,0,0,0,0,0,0,0,0,0,0,0,0,0,0,0
92116,39,0,0,0,0,0,0,0,0,0,0,0,0,0,0,0,0,0,0
93901,6,9,49,0,0,0,0,0,0,0,0,0,0,0,0,0,0,0,0
94049,6,0,0,0,0,0,0,0,0,0,0,0,0,0,0,0,0,0,0
94054,6,48,130,0,0,0,0,0,0,0,0,0,0,0,0,0,0,0,0
94784,34,39,0,0,0,0,0,0,0,0,0,0,0,0,0,0,0,0,0
94873,48,49,130,0,0,0,0,0,0,0,0,0,0,0,0,0,0,0,0
94969,3,6,14,48,49,130,0,0,0,0,0,0,0,0,0,0,0,0,0
94983,130,0,0,0,0,0,0,0,0,0,0,0,0,0,0,0,0,0,0
95027,130,0,0,0,0,0,0,0,0,0,0,0,0,0,0,0,0,0,0
95054,6,48,130,0,0,0,0,0,0,0,0,0,0,0,0,0,0,0,0
95069,5,6,9,34,38,39,48,0,0,0,0,0,0,0,0,0,0,0,0
95508,6,0,0,0,0,0,0,0,0,0,0,0,0,0,0,0,0,0,0
95645,34,39,0,0,0,0,0,0,0,0,0,0,0,0,0,0,0,0,0
95832,6,48,49,130,167,170,0,0,0,0,0,0,0,0,0,0,0,0,0
96252,6,48,49,130,0,0,0,0,0,0,0,0,0,0,0,0,0,0,0
96439,39,130,0,0,0,0,0,0,0,0,0,0,0,0,0,0,0,0,0
96488,6,48,130,0,0,0,0,0,0,0,0,0,0,0,0,0,0,0,0
98077,6,48,49,0,0,0,0,0,0,0,0,0,0,0,0,0,0,0,0
98753,6,0,0,0,0,0,0,0,0,0,0,0,0,0,0,0,0,0,0
99118,34,39,0,0,0,0,0,0,0,0,0,0,0,0,0,0,0,0,0
99821,9,12,34,46,0,0,0,0,0,0,0,0,0,0,0,0,0,0,0
102129,165,0,0,0,0,0,0,0,0,0,0,0,0,0,0,0,0,0,0
103198,130,0,0,0,0,0,0,0,0,0,0,0,0,0,0,0,0,0,0
103221,6,48,163,165,384,385,0,0,0,0,0,0,0,0,0,0,0,0,0
103281,6,49,169,0,0,0,0,0,0,0,0,0,0,0,0,0,0,0,0
103294,6,49,0,0,0,0,0,0,0,0,0,0,0,0,0,0,0,0,0
103317,130,0,0,0,0,0,0,0,0,0,0,0,0,0,0,0,0,0,0
103333,6,0,0,0,0,0,0,0,0,0,0,0,0,0,0,0,0,0,0
103337,6,14,48,49,130,0,0,0,0,0,0,0,0,0,0,0,0,0,0
103340,130,0,0,0,0,0,0,0,0,0,0,0,0,0,0,0,0,0,0
103364,130,0,0,0,0,0,0,0,0,0,0,0,0,0,0,0,0,0,0
104096,6,34,39,0,0,0,0,0,0,0,0,0,0,0,0,0,0,0,0
104786,6,0,0,0,0,0,0,0,0,0,0,0,0,0,0,0,0,0,0
104789,48,130,0,0,0,0,0,0,0,0,0,0,0,0,0,0,0,0,0
104819,6,48,49,130,0,0,0,0,0,0,0,0,0,0,0,0,0,0,0
104967,3,6,0,0,0,0,0,0,0,0,0,0,0,0,0,0,0,0,0
104971,6,48,49,130,0,0,0,0,0,0,0,0,0,0,0,0,0,0,0
104974,48,130,0,0,0,0,0,0,0,0,0,0,0,0,0,0,0,0,0
105420,3,6,14,48,49,130,0,0,0,0,0,0,0,0,0,0,0,0,0
105594,6,0,0,0,0,0,0,0,0,0,0,0,0,0,0,0,0,0,0
105624,6,34,39,48,49,130,0,0,0,0,0,0,0,0,0,0,0,0,0
106819,6,48,0,0,0,0,0,0,0,0,0,0,0,0,0,0,0,0,0
107218,3,6,14,48,49,0,0,0,0,0,0,0,0,0,0,0,0,0,0
107300,6,39,48,49,130,0,0,0,0,0,0,0,0,0,0,0,0,0,0
108254,48,130,0,0,0,0,0,0,0,0,0,0,0,0,0,0,0,0,0
109108,130,0,0,0,0,0,0,0,0,0,0,0,0,0,0,0,0,0,0
109233,48,130,0,0,0,0,0,0,0,0,0,0,0,0,0,0,0,0,0
109241,6,48,49,130,167,169,0,0,0,0,0,0,0,0,0,0,0,0,0
109282,34,39,48,130,0,0,0,0,0,0,0,0,0,0,0,0,0,0,0
109287,48,49,0,0,0,0,0,0,0,0,0,0,0,0,0,0,0,0,0
109367,6,0,0,0,0,0,0,0,0,0,0,0,0,0,0,0,0,0,0
109456,6,48,49,130,0,0,0,0,0,0,0,0,0,0,0,0,0,0,0
109459,6,48,49,130,0,0,0,0,0,0,0,0,0,0,0,0,0,0,0
109464,130,0,0,0,0,0,0,0,0,0,0,0,0,0,0,0,0,0,0
109465,48,130,0,0,0,0,0,0,0,0,0,0,0,0,0,0,0,0,0
109596,130,0,0,0,0,0,0,0,0,0,0,0,0,0,0,0,0,0,0
110062,130,0,0,0,0,0,0,0,0,0,0,0,0,0,0,0,0,0,0
110069,6,48,49,130,170,0,0,0,0,0,0,0,0,0,0,0,0,0,0
110875,6,0,0,0,0,0,0,0,0,0,0,0,0,0,0,0,0,0,0
111081,6,0,0,0,0,0,0,0,0,0,0,0,0,0,0,0,0,0,0
111276,6,48,130,0,0,0,0,0,0,0,0,0,0,0,0,0,0,0,0
111661,6,48,49,130,0,0,0,0,0,0,0,0,0,0,0,0,0,0,0
112191,14,34,39,0,0,0,0,0,0,0,0,0,0,0,0,0,0,0,0
112412,6,48,0,0,0,0,0,0,0,0,0,0,0,0,0,0,0,0,0
112874,48,167,0,0,0,0,0,0,0,0,0,0,0,0,0,0,0,0,0
113112,6,14,48,49,130,167,169,0,0,0,0,0,0,0,0,0,0,0,0
113113,48,49,130,0,0,0,0,0,0,0,0,0,0,0,0,0,0,0,0
113344,6,48,49,0,0,0,0,0,0,0,0,0,0,0,0,0,0,0,0
113345,6,48,0,0,0,0,0,0,0,0,0,0,0,0,0,0,0,0,0
113598,6,167,0,0,0,0,0,0,0,0,0,0,0,0,0,0,0,0,0
113895,6,0,0,0,0,0,0,0,0,0,0,0,0,0,0,0,0,0,0
114135,130,0,0,0,0,0,0,0,0,0,0,0,0,0,0,0,0,0,0
114283,48,0,0,0,0,0,0,0,0,0,0,0,0,0,0,0,0,0,0
114392,6,14,39,0,0,0,0,0,0,0,0,0,0,0,0,0,0,0,0
115278,6,48,49,130,0,0,0,0,0,0,0,0,0,0,0,0,0,0,0
115776,6,48,49,0,0,0,0,0,0,0,0,0,0,0,0,0,0,0,0
115875,130,0,0,0,0,0,0,0,0,0,0,0,0,0,0,0,0,0,0
116146,6,48,0,0,0,0,0,0,0,0,0,0,0,0,0,0,0,0,0
116201,6,130,0,0,0,0,0,0,0,0,0,0,0,0,0,0,0,0,0
116539,6,0,0,0,0,0,0,0,0,0,0,0,0,0,0,0,0,0,0
116559,48,0,0,0,0,0,0,0,0,0,0,0,0,0,0,0,0,0,0
116667,6,48,49,0,0,0,0,0,0,0,0,0,0,0,0,0,0,0,0
116794,6,48,49,0,0,0,0,0,0,0,0,0,0,0,0,0,0,0,0
117882,9,0,0,0,0,0,0,0,0,0,0,0,0,0,0,0,0,0,0
118308,6,0,0,0,0,0,0,0,0,0,0,0,0,0,0,0,0,0,0
119133,6,48,49,167,169,0,0,0,0,0,0,0,0,0,0,0,0,0,0
119190,6,48,49,130,0,0,0,0,0,0,0,0,0,0,0,0,0,0,0
119270,6,48,49,167,169,0,0,0,0,0,0,0,0,0,0,0,0,0,0
119295,6,49,169,0,0,0,0,0,0,0,0,0,0,0,0,0,0,0,0
119304,3,6,14,48,49,130,170,0,0,0,0,0,0,0,0,0,0,0,0
119305,6,48,49,130,167,169,0,0,0,0,0,0,0,0,0,0,0,0,0
119314,6,48,130,0,0,0,0,0,0,0,0,0,0,0,0,0,0,0,0
119390,6,48,130,0,0,0,0,0,0,0,0,0,0,0,0,0,0,0,0
119394,130,0,0,0,0,0,0,0,0,0,0,0,0,0,0,0,0,0,0
119402,6,48,49,130,167,169,0,0,0,0,0,0,0,0,0,0,0,0,0
119445,6,130,0,0,0,0,0,0,0,0,0,0,0,0,0,0,0,0,0
119506,6,48,130,0,0,0,0,0,0,0,0,0,0,0,0,0,0,0,0
119656,6,0,0,0,0,0,0,0,0,0,0,0,0,0,0,0,0,0,0
120200,6,48,49,130,0,0,0,0,0,0,0,0,0,0,0,0,0,0,0
120436,6,48,49,130,0,0,0,0,0,0,0,0,0,0,0,0,0,0,0
120551,6,130,0,0,0,0,0,0,0,0,0,0,0,0,0,0,0,0,0
120646,3,6,14,0,0,0,0,0,0,0,0,0,0,0,0,0,0,0,0
120710,6,14,0,0,0,0,0,0,0,0,0,0,0,0,0,0,0,0,0
120974,82,0,0,0,0,0,0,0,0,0,0,0,0,0,0,0,0,0,0
121404,6,48,49,130,0,0,0,0,0,0,0,0,0,0,0,0,0,0,0
121436,3,6,14,0,0,0,0,0,0,0,0,0,0,0,0,0,0,0,0
122082,6,48,49,130,0,0,0,0,0,0,0,0,0,0,0,0,0,0,0
122195,3,6,14,0,0,0,0,0,0,0,0,0,0,0,0,0,0,0,0
122556,3,6,14,48,49,130,0,0,0,0,0,0,0,0,0,0,0,0,0
122559,6,14,39,0,0,0,0,0,0,0,0,0,0,0,0,0,0,0,0
122661,49,0,0,0,0,0,0,0,0,0,0,0,0,0,0,0,0,0,0
123354,48,130,0,0,0,0,0,0,0,0,0,0,0,0,0,0,0,0,0
123395,34,39,0,0,0,0,0,0,0,0,0,0,0,0,0,0,0,0,0
124954,3,6,14,167,169,0,0,0,0,0,0,0,0,0,0,0,0,0,0
125009,6,49,169,0,0,0,0,0,0,0,0,0,0,0,0,0,0,0,0
125021,3,6,14,34,48,49,130,132,170,0,0,0,0,0,0,0,0,0,0
125175,6,14,0,0,0,0,0,0,0,0,0,0,0,0,0,0,0,0,0
125286,130,0,0,0,0,0,0,0,0,0,0,0,0,0,0,0,0,0,0
125764,6,48,52,167,0,0,0,0,0,0,0,0,0,0,0,0,0,0,0
126098,6,161,163,385,0,0,0,0,0,0,0,0,0,0,0,0,0,0,0
126120,6,14,39,130,0,0,0,0,0,0,0,0,0,0,0,0,0,0,0
126138,6,48,49,0,0,0,0,0,0,0,0,0,0,0,0,0,0,0,0
126153,6,0,0,0,0,0,0,0,0,0,0,0,0,0,0,0,0,0,0
127036,3,6,9,12,14,48,49,130,0,0,0,0,0,0,0,0,0,0,0
127155,5,0,0,0,0,0,0,0,0,0,0,0,0,0,0,0,0,0,0
127358,6,48,49,130,167,169,0,0,0,0,0,0,0,0,0,0,0,0,0
127782,6,14,0,0,0,0,0,0,0,0,0,0,0,0,0,0,0,0,0
127816,6,48,49,130,167,169,0,0,0,0,0,0,0,0,0,0,0,0,0
127976,3,6,14,34,0,0,0,0,0,0,0,0,0,0,0,0,0,0,0
129694,6,0,0,0,0,0,0,0,0,0,0,0,0,0,0,0,0,0,0
129797,6,14,0,0,0,0,0,0,0,0,0,0,0,0,0,0,0,0,0
131887,5,0,0,0,0,0,0,0,0,0,0,0,0,0,0,0,0,0,0
132165,6,48,49,167,169,0,0,0,0,0,0,0,0,0,0,0,0,0,0
132205,6,48,49,170,0,0,0,0,0,0,0,0,0,0,0,0,0,0,0
132224,130,0,0,0,0,0,0,0,0,0,0,0,0,0,0,0,0,0,0
132234,6,0,0,0,0,0,0,0,0,0,0,0,0,0,0,0,0,0,0
132907,6,14,34,39,130,0,0,0,0,0,0,0,0,0,0,0,0,0,0
133040,82,0,0,0,0,0,0,0,0,0,0,0,0,0,0,0,0,0,0
133887,6,48,49,130,167,169,0,0,0,0,0,0,0,0,0,0,0,0,0
133945,6,48,49,0,0,0,0,0,0,0,0,0,0,0,0,0,0,0,0
134582,167,0,0,0,0,0,0,0,0,0,0,0,0,0,0,0,0,0,0
134595,6,48,49,167,169,170,0,0,0,0,0,0,0,0,0,0,0,0,0
134597,167,0,0,0,0,0,0,0,0,0,0,0,0,0,0,0,0,0,0
134606,167,0,0,0,0,0,0,0,0,0,0,0,0,0,0,0,0,0,0
135243,6,48,49,167,169,0,0,0,0,0,0,0,0,0,0,0,0,0,0
135295,6,0,0,0,0,0,0,0,0,0,0,0,0,0,0,0,0,0,0
135337,6,48,49,130,0,0,0,0,0,0,0,0,0,0,0,0,0,0,0
135450,6,48,49,130,0,0,0,0,0,0,0,0,0,0,0,0,0,0,0
135919,6,39,48,49,130,167,169,0,0,0,0,0,0,0,0,0,0,0,0
135999,6,49,130,169,384,386,0,0,0,0,0,0,0,0,0,0,0,0,0
136604,6,48,49,130,167,169,0,0,0,0,0,0,0,0,0,0,0,0,0
136770,3,6,14,0,0,0,0,0,0,0,0,0,0,0,0,0,0,0,0
136868,6,48,49,167,0,0,0,0,0,0,0,0,0,0,0,0,0,0,0
138227,130,0,0,0,0,0,0,0,0,0,0,0,0,0,0,0,0,0,0
138569,6,48,49,130,167,169,0,0,0,0,0,0,0,0,0,0,0,0,0
138851,6,0,0,0,0,0,0,0,0,0,0,0,0,0,0,0,0,0,0
138858,6,48,49,130,167,169,0,0,0,0,0,0,0,0,0,0,0,0,0
138949,167,0,0,0,0,0,0,0,0,0,0,0,0,0,0,0,0,0,0
138950,6,130,0,0,0,0,0,0,0,0,0,0,0,0,0,0,0,0,0
139078,6,0,0,0,0,0,0,0,0,0,0,0,0,0,0,0,0,0,0
139090,6,0,0,0,0,0,0,0,0,0,0,0,0,0,0,0,0,0,0
139399,162,163,384,386,0,0,0,0,0,0,0,0,0,0,0,0,0,0,0
139403,3,6,14,0,0,0,0,0,0,0,0,0,0,0,0,0,0,0,0
139446,6,48,49,130,167,169,170,203,0,0,0,0,0,0,0,0,0,0,0
140059,6,0,0,0,0,0,0,0,0,0,0,0,0,0,0,0,0,0,0
140158,3,6,14,0,0,0,0,0,0,0,0,0,0,0,0,0,0,0,0
140204,6,0,0,0,0,0,0,0,0,0,0,0,0,0,0,0,0,0,0
140839,6,48,49,0,0,0,0,0,0,0,0,0,0,0,0,0,0,0,0
141415,6,0,0,0,0,0,0,0,0,0,0,0,0,0,0,0,0,0,0
141503,6,49,169,0,0,0,0,0,0,0,0,0,0,0,0,0,0,0,0
141540,6,14,48,49,130,167,169,170,0,0,0,0,0,0,0,0,0,0,0
141828,34,55,0,0,0,0,0,0,0,0,0,0,0,0,0,0,0,0,0
142289,3,6,0,0,0,0,0,0,0,0,0,0,0,0,0,0,0,0,0
142494,6,48,49,0,0,0,0,0,0,0,0,0,0,0,0,0,0,0,0
142803,6,48,49,130,167,169,0,0,0,0,0,0,0,0,0,0,0,0,0
143232,6,48,167,0,0,0,0,0,0,0,0,0,0,0,0,0,0,0,0
143335,6,34,39,0,0,0,0,0,0,0,0,0,0,0,0,0,0,0,0
143610,130,0,0,0,0,0,0,0,0,0,0,0,0,0,0,0,0,0,0
144024,6,167,0,0,0,0,0,0,0,0,0,0,0,0,0,0,0,0,0
144133,6,0,0,0,0,0,0,0,0,0,0,0,0,0,0,0,0,0,0
144345,3,6,0,0,0,0,0,0,0,0,0,0,0,0,0,0,0,0,0
145327,82,0,0,0,0,0,0,0,0,0,0,0,0,0,0,0,0,0,0
146075,6,48,130,0,0,0,0,0,0,0,0,0,0,0,0,0,0,0,0
149292,6,0,0,0,0,0,0,0,0,0,0,0,0,0,0,0,0,0,0
152063,6,167,0,0,0,0,0,0,0,0,0,0,0,0,0,0,0,0,0
152122,6,14,48,49,130,167,0,0,0,0,0,0,0,0,0,0,0,0,0
153700,48,167,0,0,0,0,0,0,0,0,0,0,0,0,0,0,0,0,0
154772,48,167,0,0,0,0,0,0,0,0,0,0,0,0,0,0,0,0,0
163344,82,0,0,0,0,0,0,0,0,0,0,0,0,0,0,0,0,0,0
168670,6,167,0,0,0,0,0,0,0,0,0,0,0,0,0,0,0,0,0
170777,6,14,48,130,0,0,0,0,0,0,0,0,0,0,0,0,0,0,0
171768,6,48,130,0,0,0,0,0,0,0,0,0,0,0,0,0,0,0,0
172427,130,0,0,0,0,0,0,0,0,0,0,0,0,0,0,0,0,0,0
176552,130,0,0,0,0,0,0,0,0,0,0,0,0,0,0,0,0,0,0
178111,6,48,49,130,0,0,0,0,0,0,0,0,0,0,0,0,0,0,0
178283,82,0,0,0,0,0,0,0,0,0,0,0,0,0,0,0,0,0,0
187043,82,0,0,0,0,0,0,0,0,0,0,0,0,0,0,0,0,0,0
196789,82,0,0,0,0,0,0,0,0,0,0,0,0,0,0,0,0,0,0
