1,[6],109
2,[6],132
3,"[6, 11]",103
4,"[6, 9, 12, 48, 49]",234
5,"[3, 6, 14, 39]",256
6,"[3, 6, 14]",373
7,[13],18
8,[13],4
9,"[3, 6, 16]",35
10,"[6, 11, 12, 14, 34, 39]",58
11,[6],454
12,"[6, 14]",52
13,"[6, 13, 14]",444
14,"[6, 14]",549
15,"[6, 9, 12]",1246
16,"[6, 9, 12]",1381
17,"[6, 14]",69
18,"[6, 8, 9, 11, 12, 14, 34, 39, 48]",1264
19,"[6, 8, 9, 11, 12]",668
20,"[6, 9, 12, 14, 39]",2024
21,"[6, 9, 12, 14]",757
22,"[6, 14]",236
23,"[13, 14]",53
24,"[6, 7, 13, 16]",88
25,"[6, 7, 13]",28
26,"[6, 13]",10
27,[6],2
28,"[13, 14, 16, 63, 75, 115]",25
29,"[13, 14, 16, 63, 75, 115]",20
30,"[13, 14, 16, 63]",15
31,"[6, 13, 14, 16]",10
32,[13],13
33,"[6, 13, 14]",6
34,"[6, 14]",27
35,"[6, 13, 14, 34]",122
36,[6],106
37,"[6, 9, 12]",867
38,"[6, 9, 12]",702
39,"[6, 8, 11]",895
40,"[6, 9, 12]",783
41,"[6, 8, 9, 14]",623
42,"[6, 11]",85
43,"[6, 9, 12, 14]",783
44,"[6, 9, 12]",99
45,"[6, 9, 12]",25
46,"[6, 9, 12]",45
49,"[13, 14, 16, 19, 29, 38, 50, 62, 78, 114, 118]",44
50,"[13, 16]",10
51,"[7, 13]",14
52,"[6, 13]",28
53,[13],43
54,[13],6
55,[13],5
56,"[6, 11]",622
57,[6],40
58,[6],39
59,"[6, 9, 12]",1167
60,"[13, 14, 16, 63, 78, 118]",373
61,"[13, 14, 16]",395
62,[6],223
63,"[6, 8, 14]",106
64,"[5, 6, 9, 14, 39]",57
65,"[6, 9, 12, 14, 39]",98
66,"[6, 9, 12, 39]",45
67,"[13, 14]",26
68,"[6, 13, 14]",41
69,"[6, 14]",8
70,[13],3
71,"[3, 6, 9, 12, 14, 34]",2332
72,"[3, 6, 9, 12, 14]",2585
73,"[6, 9, 12]",1760
74,"[6, 9, 12]",1860
75,"[6, 9, 12, 41]",1437
76,"[6, 9, 12, 14]",1193
77,"[3, 6, 9, 12, 14]",156
78,"[6, 9, 12, 14]",486
79,"[6, 11, 14, 48, 49, 130]",24
80,"[6, 14]",550
81,"[6, 14]",34
82,[6],62
83,"[3, 6, 8, 11, 14, 21, 24, 48, 49, 130, 169]",46
84,"[8, 11]",33
85,"[13, 16, 78]",39
86,"[13, 16, 29, 116]",69
87,"[6, 7]",59
89,[6],13
90,"[6, 7, 13, 32, 50]",51
91,"[6, 7]",121
92,"[6, 7]",175
93,"[6, 7]",63
94,"[6, 7, 24]",138
95,"[6, 8, 11, 21]",188
96,"[6, 8, 11, 21, 24]",556
97,"[6, 8, 11, 20, 21, 24]",560
98,"[6, 8, 11, 12, 14, 20, 21, 24, 38]",641
99,"[5, 6, 8, 9, 11, 12, 14, 21]",359
100,"[5, 6, 8, 9, 12, 20, 38]",158
101,"[5, 6, 8, 9, 12, 20, 38]",193
102,"[6, 9, 12, 38]",143
103,"[5, 20]",9
104,[6],44
105,"[5, 6, 9, 12, 39]",273
106,"[13, 15, 16, 63, 118]",25
107,[6],19
109,"[6, 9, 12]",730
111,"[3, 6, 14, 48, 49]",329
112,"[6, 9, 12, 34, 39, 48, 49]",311
113,"[6, 9, 12]",1200
114,[6],152
115,"[6, 14]",547
116,"[6, 11, 14, 34, 39, 130]",931
117,[48],239
118,"[3, 6, 11, 14, 39]",572
119,"[6, 9, 12, 46]",298
120,"[6, 9, 12, 14, 48, 49]",675
121,"[3, 6, 14]",1292
122,"[6, 12, 14]",495
123,"[6, 14]",549
124,"[3, 6, 12, 14]",731
125,"[6, 7, 14]",408
126,"[6, 14]",929
127,"[6, 9, 12, 14, 39]",1952
128,"[6, 9, 12]",1233
129,"[13, 14]",111
130,"[6, 7, 13, 14, 32]",271
131,"[6, 7, 13, 14, 32]",75
132,"[6, 14]",1030
133,"[6, 14]",407
134,"[6, 8, 9, 12, 48, 49, 130]",255
135,"[6, 8, 9, 12, 48, 49, 130]",151
136,"[6, 8]",267
137,"[3, 5, 6, 9, 12, 20, 39]",208
138,"[5, 6, 9, 12, 38]",49
139,"[6, 14]",46
140,"[6, 14]",11
141,"[6, 8, 11, 14]",225
142,"[6, 8, 11, 38]",519
144,"[6, 14]",66
145,[6],13
148,"[6, 11, 48, 130]",161
149,"[6, 8, 11]",21
150,[6],68
151,[6],11
152,"[6, 11, 14, 21, 48, 130]",231
153,"[6, 11, 14, 48, 130]",301
154,"[4, 6, 14, 22, 23, 48, 49, 130]",125
155,"[6, 22]",6
156,"[4, 6]",8
157,"[6, 7, 13, 14]",101
158,"[6, 7]",63
160,[6],19
161,"[6, 14, 50, 78]",13
162,"[6, 7, 14]",15
163,"[4, 6]",83
164,"[4, 6]",43
166,"[13, 14]",37
168,"[13, 14]",34
169,[6],29
170,[6],16
172,[6],1
174,[6],7
175,"[3, 6, 13, 14]",7
180,"[6, 13, 14]",126
181,[6],295
184,"[3, 6, 13, 14, 16]",295
185,"[13, 15, 16, 18, 25, 26, 27, 29, 33, 35, 63, 64]",9
186,"[13, 14, 16, 63, 118]",47
187,"[6, 8, 11, 14]",30
188,"[4, 6, 22]",24
189,"[5, 6, 8, 9, 12, 14, 38]",134
190,"[6, 8, 11, 12, 14, 21, 38]",151
191,"[3, 6, 13, 14, 16, 63, 150]",58
192,"[6, 13, 14, 15, 16, 18, 63, 75]",83
193,"[13, 14, 16]",258
195,"[13, 15, 16, 25, 26, 63]",1
196,[6],33
200,"[6, 13, 14, 15, 16, 18, 25, 26, 33, 52, 58, 63, 69]",6
202,"[3, 6, 13, 14]",95
207,"[3, 6, 13, 14]",77
209,"[5, 6, 8, 11, 12, 20, 38]",10
210,"[5, 6, 8, 9, 12, 38]",14
211,"[6, 11]",14
212,"[3, 6, 9, 12, 14]",167
214,"[6, 14]",110
215,"[6, 14]",15
216,"[3, 6, 14]",166
217,[20],25
218,"[5, 6, 8, 23]",50
219,"[6, 7, 13, 14]",81
221,"[6, 13, 14, 32]",29
222,"[6, 13]",18
223,"[3, 6, 8, 11, 14, 21]",378
224,"[6, 8, 11, 14, 20, 21, 24, 38]",372
225,"[5, 6, 8, 14, 21, 38]",32
226,"[6, 14]",17
227,"[6, 14]",215
228,"[6, 14]",214
229,"[6, 14]",158
230,"[6, 14]",794
231,"[3, 6, 8, 14]",1814
232,"[3, 6, 14]",249
233,"[3, 6, 9, 11, 12, 14, 34]",2101
234,[6],73
235,"[6, 14]",86
236,"[6, 7, 14, 16, 20, 32, 37, 38, 39, 50, 62, 74]",119
237,"[3, 6, 14]",117
238,"[6, 7, 14, 39]",55
239,"[6, 14]",710
240,"[6, 14]",191
241,"[3, 6, 11, 14]",410
242,[6],48
243,"[5, 6, 7, 23, 24, 39]",13
244,"[6, 9, 12]",66
245,[6],280
246,"[6, 14]",291
247,"[3, 6, 9, 12, 14]",1017
248,"[13, 14, 16, 19, 29, 63, 64, 86, 116, 121, 149]",31
250,"[6, 9, 11, 12, 14]",95
251,"[13, 14, 15, 16, 19, 25, 29, 63, 64, 75, 115, 150, 151]",18
253,"[6, 13, 14]",10
254,"[6, 11]",157
255,[6],86
257,[6],124
260,"[5, 6, 9, 12, 14, 20, 34, 37, 39]",431
270,[6],14
271,[6],33
272,"[3, 6, 8, 14, 23]",193
273,"[6, 14]",95
274,"[6, 14]",38
275,"[6, 8, 11]",19
276,"[6, 8, 12]",38
277,[6],246
278,[6],45
279,"[7, 13, 14, 32]",5
280,"[3, 6, 11, 14, 49, 130]",293
281,"[3, 6, 8, 11, 14]",312
282,"[6, 14]",14
283,"[7, 13, 14, 16, 19, 20, 29, 32, 50, 58, 62, 78, 114]",66
284,"[6, 9, 12, 13, 14, 19, 24, 39, 50, 58, 62, 82]",238
285,"[3, 6, 7, 14]",15
286,"[3, 4, 6, 7, 12, 14, 16, 240]",215
287,"[3, 6]",9
288,"[6, 11]",43
289,"[6, 14]",521
290,[6],5
291,[6],37
293,"[6, 14]",207
294,"[6, 7, 23]",26
295,"[6, 7, 9, 13, 38]",245
296,"[6, 9, 12]",521
297,"[3, 6, 11, 14]",152
298,[6],7
299,"[6, 14]",300
300,[6],23
301,[6],17
302,[6],112
303,[6],59
305,"[3, 6]",10
306,[6],355
307,"[3, 6, 14]",358
308,"[6, 14]",95
309,"[6, 13, 14]",1
310,"[6, 14]",134
311,[6],7
312,"[6, 12, 13, 14, 24, 44, 130]",383
313,[6],23
316,[6],83
317,[6],11
318,[6],33
320,[6],252
321,"[6, 12, 14]",132
322,[6],50
323,"[3, 6, 13, 14, 34, 39, 117]",17
324,"[6, 14]",340
325,[6],39
326,"[3, 6, 14]",239
327,"[6, 8, 14]",798
328,"[3, 6, 14]",69
329,"[6, 14]",93
330,"[4, 6, 7, 13, 14, 16, 19, 32, 58]",125
331,[6],119
332,"[6, 14]",12
333,"[3, 4, 6, 13, 14, 16, 32, 55, 240]",264
334,"[6, 14]",68
335,[6],64
336,[6],180
337,"[6, 9, 12, 14]",77
338,"[3, 6, 9, 12, 14]",632
339,"[6, 9, 12, 14]",90
340,[6],109
341,[7],211
342,"[6, 7, 9, 12, 13, 14, 29, 32, 39, 46, 48]",323
343,"[6, 9, 12]",719
345,[6],13
346,"[6, 14]",12
347,[6],18
348,"[8, 11, 12]",32
349,"[6, 14]",64
350,[6],44
351,"[9, 12]",40
352,"[6, 9, 12, 39]",461
354,[6],21
355,"[3, 6, 8, 12, 14, 23]",295
356,"[3, 6, 12, 14]",149
357,[6],8
358,"[5, 18, 37, 41, 51, 99]",935
359,"[6, 48, 49, 170]",400
360,"[4, 6, 23]",21
361,"[6, 9, 12]",365
362,"[6, 13, 14]",34
363,"[6, 13, 14]",105
364,"[3, 6, 14]",434
365,[6],75
366,[6],84
367,"[6, 14]",141
368,[6],18
369,[6],20
370,"[6, 14]",179
371,[6],32
372,[6],33
373,[6],74
374,"[5, 6, 13, 15, 53, 55]",96
375,"[6, 7, 9, 38]",1093
376,"[6, 8, 9, 11, 12, 46]",630
377,"[5, 53, 55]",59
378,"[6, 9, 12]",349
379,[8],847
380,[9],509
381,[38],36
382,"[9, 12, 38]",173
384,"[6, 9, 12, 49]",123
385,"[5, 18, 39, 53, 99]",182
386,"[6, 9, 48, 167]",119
387,"[5, 19]",80
388,"[5, 55]",6
389,"[6, 9, 12]",301
390,"[6, 8, 24]",14
391,[38],43
392,[20],14
393,"[6, 20, 34, 38, 39, 72, 74]",93
394,"[9, 34, 38, 39]",35
395,"[34, 39]",5
396,"[33, 55, 57, 130]",10
397,"[34, 37, 38, 39, 74]",6
398,[8],224
399,"[5, 6, 20, 24, 34, 39]",70
400,"[20, 38]",21
401,[5],6
403,"[20, 33, 130]",5
406,"[24, 55]",14
407,"[33, 130]",28
408,[24],8
410,"[20, 33]",2
411,"[6, 8, 12]",29
412,[21],34
413,[8],143
414,"[24, 41]",104
415,"[5, 19, 41, 58]",33
417,[7],13
418,[8],639
419,"[5, 7, 58]",97
421,"[7, 9]",595
422,"[4, 6, 7, 22]",53
423,[7],10
424,"[6, 7, 9, 32]",305
425,"[6, 7, 9]",372
426,"[5, 7, 41, 58]",536
427,"[6, 7, 34, 39, 48, 49, 130]",1050
428,"[7, 9]",130
429,"[6, 12]",111
430,"[6, 9, 12]",129
431,"[9, 48]",872
432,"[3, 6, 14]",137
433,"[6, 9, 12, 14]",52
434,"[9, 12]",1523
436,[6],43
437,[6],58
438,"[6, 14, 39]",231
439,"[8, 11, 21]",13
440,"[3, 6, 14]",159
441,"[3, 6, 14]",104
442,"[6, 14]",58
443,[6],12
444,[6],8
445,"[6, 39]",24
446,"[6, 39]",14
447,"[3, 6, 14]",27
448,"[6, 11]",14
449,[6],5
450,"[6, 9, 12]",17
451,"[6, 9, 12]",29
452,"[6, 13, 14, 19, 24, 30, 58]",28
453,"[19, 29]",12
454,"[6, 13, 16, 19, 58]",63
455,"[19, 29]",7
456,"[6, 14]",210
457,"[6, 14]",210
458,"[6, 14]",128
459,"[6, 13, 14, 16, 34, 39, 114, 116]",40
460,"[6, 13, 14, 16, 39]",19
461,[6],5
464,[6],9
465,[6],51
466,"[3, 6, 14]",81
467,[6],61
468,[6],49
469,"[3, 6, 14]",38
470,"[3, 6, 14]",34
471,"[6, 9, 12]",430
472,"[6, 9, 12]",2604
473,"[9, 12]",104
474,"[6, 8, 11]",106
475,"[5, 6, 8, 9, 12, 14, 20, 38, 39, 42, 130]",318
476,[38],8
477,"[6, 14]",67
478,"[3, 6, 12, 14]",1019
479,[8],169
480,"[7, 9, 38, 46]",338
481,"[6, 8, 11]",710
482,"[6, 8]",257
483,"[6, 8, 11]",166
484,"[8, 38]",72
485,"[6, 9, 12]",113
486,"[5, 8, 38]",71
487,"[9, 12]",50
488,"[6, 9, 12]",81
489,"[3, 6]",33
490,"[6, 9, 12, 14]",162
491,"[6, 9, 12]",174
492,"[12, 49]",227
493,"[6, 9, 48]",739
494,"[6, 9, 12]",265
495,"[3, 6, 12]",582
496,"[3, 6, 9, 12, 48, 49]",163
497,"[5, 9]",32
498,"[6, 9, 12, 14, 49]",708
499,"[9, 48]",536
500,"[6, 9, 12, 72]",1846
501,"[6, 9, 12, 113]",1660
502,"[6, 9, 12]",53
503,"[5, 6, 8, 9, 12, 20, 34, 38, 39]",87
504,"[6, 12]",179
505,"[6, 9, 12]",19
506,"[6, 9, 12]",169
507,"[6, 9, 12]",62
508,[6],13
509,"[6, 9, 12, 14]",212
510,[12],2
512,[9],1111
513,"[6, 46, 48, 49]",16
514,"[6, 9, 12]",149
515,[9],201
516,"[6, 9, 12]",17
517,"[3, 6, 9, 12]",372
518,[6],70
519,[6],63
520,"[6, 9, 12]",201
521,[11],217
522,[12],184
523,[9],248
524,"[6, 9, 12]",155
526,"[6, 9, 12]",150
527,"[3, 6, 9, 12, 14]",110
528,"[6, 9, 12]",59
529,"[6, 9, 12]",1467
530,"[6, 9, 12]",470
531,"[6, 9, 12]",32
532,[6],45
533,"[6, 9, 12, 48, 49]",1191
534,"[5, 41]",279
535,[6],23
536,"[6, 9, 12]",372
537,"[6, 9, 12]",824
538,"[3, 6, 9, 12, 14, 48, 49, 130]",1880
539,"[6, 9, 12, 41]",489
540,"[5, 6, 9, 12, 14]",14
541,"[6, 9, 12]",16
542,"[5, 6, 9, 12, 14, 20, 37, 38]",65
543,"[3, 6, 9, 12]",46
544,"[6, 9, 12]",162
545,"[5, 6, 9, 12, 14, 20]",842
546,"[3, 6, 12, 14, 55]",139
547,"[6, 12]",376
548,[12],300
549,[8],751
550,"[9, 38]",185
551,[8],771
552,"[9, 38]",228
553,"[5, 6, 9, 12]",85
554,"[5, 6, 9, 12, 14]",112
555,"[6, 9, 12]",38
556,"[3, 6, 9, 12]",202
557,"[6, 9, 12]",10
558,"[3, 6, 9, 12]",328
559,"[6, 9, 12, 14, 20]",1017
560,"[6, 9, 12]",112
561,"[5, 6, 9, 12, 14, 20, 38]",100
562,"[6, 12, 14, 34, 39]",239
563,[6],31
564,"[6, 9, 12]",25
565,[9],1497
566,"[5, 6, 8, 9, 12, 38]",36
567,"[6, 9, 12]",8
568,"[5, 6, 8, 9, 12, 20, 38, 48, 49]",57
569,"[6, 9, 12]",170
570,"[6, 9, 12, 48, 49]",251
571,"[3, 6, 9, 12]",173
572,[6],49
573,"[5, 6, 8, 9, 12, 20, 38]",99
574,"[9, 12]",8
575,"[6, 9, 11]",57
576,"[6, 9, 48, 49, 130]",38
578,"[6, 9, 12]",96
583,"[6, 7, 8, 11, 21]",35
585,[6],4
586,"[3, 6, 13, 14, 16, 39]",14
587,[6],8
589,"[3, 6]",17
590,"[3, 6]",10
591,"[3, 6]",15
594,"[6, 14]",60
596,[6],9
597,[6],10
599,"[6, 14]",85
601,[6],22
602,"[6, 11]",42
604,"[13, 14]",5
606,[6],25
607,"[6, 9, 12]",24
612,"[3, 6, 13, 14, 16, 39, 114]",67
613,[6],5
614,"[5, 6, 9, 12, 14]",10
616,"[7, 13, 14, 24]",153
617,"[6, 8, 11, 14]",42
618,"[6, 9, 12]",54
619,"[5, 6, 8, 11, 14]",59
620,"[9, 12]",360
621,"[6, 9, 12, 14, 42]",541
622,"[6, 12, 14]",731
623,"[5, 6, 9, 12, 14, 20]",1259
624,"[6, 14]",130
625,"[5, 6, 8, 9, 12, 20]",601
626,"[4, 6, 7, 13, 14, 22, 34, 39]",120
628,"[6, 14]",12
633,"[6, 14]",40
634,"[6, 7, 14]",116
635,[6],10
636,"[6, 14]",57
640,[6],6
641,"[6, 8, 11]",33
642,"[6, 7, 24]",93
647,"[4, 6, 7, 13, 14, 32]",252
648,[6],98
649,"[6, 14]",169
650,"[6, 14]",96
651,"[13, 15, 65, 75, 125, 149, 152]",5
652,"[6, 13]",14
653,"[6, 8, 11, 14]",129
654,"[6, 39]",152
655,"[13, 14]",2
656,"[6, 13, 14]",10
657,[6],7
659,[6],7
660,"[6, 7]",13
661,"[3, 6, 14]",9
662,[6],113
663,"[6, 13]",12
665,"[6, 13, 39]",25
666,[6],39
667,"[3, 6, 14]",10
668,"[6, 7, 13, 14]",16
669,"[6, 16]",7
670,"[3, 6]",24
671,[6],38
672,"[3, 6, 11]",43
673,"[3, 6, 7, 12, 13, 14, 19, 24, 30, 32, 39, 48, 49, 50, 58, 62, 130]",785
674,[6],8
675,"[6, 7, 14, 22, 39]",143
676,"[6, 13]",17
678,[6],7
680,"[3, 6, 9, 12, 14]",15
681,[6],6
682,"[6, 14]",11
683,"[6, 14]",34
689,[6],14
690,"[6, 7, 8, 22]",7
694,"[6, 11, 14]",133
696,"[6, 8, 11, 12, 20, 21, 24, 38]",82
698,"[6, 7, 8]",49
699,"[4, 6, 7]",84
700,"[6, 8, 11, 12, 20, 21, 24, 38]",53
701,"[6, 7, 8, 21]",59
703,"[6, 7, 8, 11, 21, 24, 38, 42]",50
705,"[4, 6, 7, 19, 29, 32, 33]",76
706,[6],56
707,"[6, 12, 49]",37
712,[6],5
713,[6],4
716,"[6, 14, 38]",22
717,"[6, 14, 38]",26
718,"[4, 6, 7]",13
719,"[6, 8, 11, 21]",79
720,"[6, 14]",20
721,[6],11
722,[6],22
724,[6],5
725,[6],12
726,"[6, 8, 11, 14]",18
727,[6],6
728,[13],11
730,"[6, 8, 11, 14, 34, 39, 48]",1074
731,"[6, 9, 12]",1214
732,"[6, 8, 9, 11, 12, 14, 34, 39, 48]",2299
733,"[6, 8, 11, 14, 34, 39, 48]",1851
734,[6],14
735,[6],8
736,[6],10
737,[6],5
738,[6],3
739,[6],34
740,"[6, 11, 12, 14]",599
741,"[6, 14]",20
744,"[6, 13, 16, 63, 75, 115]",15
748,"[6, 8, 11, 21]",300
749,"[3, 6, 14]",45
750,"[6, 14]",26
751,[6],18
752,[6],5
753,"[6, 14, 39]",85
754,[6],11
755,[6],6
757,[6],6
758,[6],4
759,[6],27
760,[6],17
763,"[3, 6, 14]",19
764,"[6, 14]",62
766,[6],9
767,"[3, 6]",8
769,"[6, 9, 12, 170]",78
774,"[6, 14]",11
775,[13],2
776,"[6, 7, 8, 11, 21, 24]",3
777,"[6, 7, 8, 11, 21, 24]",5
778,"[6, 7, 8, 11, 20, 21, 24, 44]",5
781,"[3, 6, 14, 34, 39]",22
782,"[6, 9, 12]",69
783,"[6, 9, 12]",47
784,"[6, 7, 13, 14]",7
786,"[6, 52]",10
787,"[3, 6, 11]",111
788,[6],5
790,[6],25
793,"[6, 7]",7
794,[13],11
795,[6],15
796,"[6, 8, 11, 21, 38]",13
797,"[6, 8, 11, 14]",40
798,"[6, 11, 14]",31
799,"[3, 6, 14]",6
808,"[6, 7, 8, 11, 21]",12
810,[13],5
811,"[4, 6, 7]",11
812,"[4, 6, 7, 22, 52]",11
813,"[6, 7, 22]",7
814,"[6, 7, 8]",7
815,"[6, 8, 11, 24]",14
816,"[6, 8, 11, 21]",11
817,"[6, 7, 19, 29, 32]",7
818,"[6, 7, 19, 29, 32]",13
819,"[6, 7, 22, 23]",425
820,"[6, 14]",62
824,"[6, 8, 9, 12]",23
825,[12],57
826,"[6, 9, 12]",204
827,[6],25
828,"[6, 11, 34, 39]",90
832,"[3, 6, 14, 39]",245
834,[6],6
836,"[6, 8, 9, 11, 21]",514
837,"[6, 8, 9, 11, 21, 38, 39]",371
838,[6],4
839,[6],3
840,"[6, 14]",12
841,"[6, 11]",7
842,[6],7
843,[4],154
844,"[3, 6, 13, 14]",8
845,[6],5
846,"[6, 9, 12]",105
847,"[6, 9, 12, 48, 49, 130]",531
848,"[6, 14]",124
849,"[6, 14]",18
851,"[3, 6, 14]",47
852,"[6, 13, 14, 16, 63, 75, 115]",20
853,"[6, 14]",18
854,"[5, 6, 9, 12, 49]",20
856,"[6, 8, 11, 21]",10
857,"[3, 6, 11, 12]",183
858,[6],124
860,[6],4
862,"[5, 6, 12]",36
863,"[3, 6, 14]",39
865,"[6, 14]",32
866,"[3, 6, 14]",849
868,"[5, 6, 11, 12, 14, 38, 39, 74]",85
869,[6],5
870,[6],10
872,[6],19
873,"[6, 9, 12, 130]",492
874,"[6, 8, 11, 21]",155
875,"[6, 8, 9, 12]",12
876,[6],58
877,"[6, 8, 14]",25
879,[6],154
880,"[4, 6, 7, 9, 11, 21, 23]",372
881,[6],8
884,"[6, 9, 12, 34, 39, 52]",123
885,"[3, 6, 12, 14, 41, 46, 48, 130]",658
888,"[3, 6]",28
890,"[6, 8, 9, 11, 12, 14, 20, 34, 39, 130]",199
891,"[3, 6, 9, 12, 14]",560
892,"[6, 13, 14, 16, 63, 64, 75, 115]",22
893,"[13, 14, 16, 63, 75, 115, 126]",22
894,"[6, 9, 12]",79
895,"[6, 39]",143
897,"[6, 8, 14]",85
898,"[6, 14, 39]",16
899,"[6, 14]",20
900,[6],36
902,"[6, 7, 13, 14, 16, 19, 63]",117
903,"[6, 8, 11, 12, 21, 38]",3
904,"[6, 8, 11, 14, 21]",1
905,"[6, 8, 11, 21, 24, 42]",4
906,"[6, 8, 11, 14, 20, 21, 38]",4
907,"[6, 8, 11, 14, 38]",21
908,"[6, 8, 11, 14, 21]",37
909,"[6, 9, 12, 38]",102
910,"[6, 8, 11, 14, 21]",283
911,"[6, 8, 11, 21, 37, 42, 55]",224
912,"[6, 7, 9, 13, 32, 38, 42, 46]",294
913,"[4, 6, 7, 11, 14, 22, 23, 24, 39]",269
914,"[4, 6, 8, 11, 14, 21]",190
915,"[6, 7, 8, 11, 14, 21, 24]",120
916,"[6, 13, 14]",24
918,"[6, 14]",46
921,[6],8
922,"[3, 6]",10
923,[6],8
924,"[6, 7, 13, 14, 16, 19, 24, 78, 114, 118]",28
925,"[6, 8, 11]",7
926,"[3, 6, 14]",95
927,"[3, 6, 14]",159
928,"[6, 9, 12]",95
929,[6],5
932,[6],7
934,"[6, 7, 9, 13, 14]",19
935,"[6, 24]",10
936,"[6, 8]",43
939,"[6, 14]",16
940,[13],12
941,[6],37
942,"[3, 5, 6, 14, 34, 39, 74, 130]",228
943,"[6, 9, 12]",69
944,"[6, 14]",14
945,"[6, 12, 14, 38]",15
946,"[6, 12, 14, 38]",30
947,[6],59
948,"[4, 6, 7, 9, 23, 38]",235
949,"[5, 8, 9, 11, 12]",211
951,"[6, 7, 14, 22]",65
952,"[9, 12]",12
953,"[9, 12]",12
954,"[9, 12]",13
955,"[13, 14]",13
956,"[6, 13, 14, 22, 39]",21
957,"[6, 13, 14]",32
958,[6],33
959,"[6, 9, 12, 14]",155
960,"[6, 9, 12, 14]",746
961,[6],79
962,"[13, 14, 16, 63]",5
964,[6],105
965,"[6, 14]",137
966,"[6, 7, 9, 21, 23]",294
967,"[6, 7]",46
968,[23],51
969,"[22, 24]",13
970,"[5, 21]",65
971,[8],19
972,[8],32
973,[8],12
974,"[5, 6, 8, 9, 12, 21]",1122
975,"[5, 9, 41]",43
976,[37],10
977,"[6, 9, 12]",54
978,"[37, 41]",160
979,"[5, 6, 9, 12]",758
980,"[6, 7, 13]",346
981,"[5, 6, 9, 12, 14, 37, 46]",282
982,"[5, 6, 9, 12, 14]",3
983,"[6, 9, 12, 34, 39]",36
984,"[5, 6, 9, 12, 41]",13
985,"[5, 9]",26
986,"[6, 11, 49]",461
987,"[6, 12, 49]",546
988,[12],104
989,"[6, 12, 49]",257
990,"[6, 12, 49]",426
991,"[6, 12, 49]",391
993,[6],4
994,[6],3
995,[6],6
996,"[9, 12]",74
997,"[9, 12, 38]",41
998,[46],89
999,"[6, 7, 9, 13, 38, 46]",167
1000,"[6, 7, 9, 22, 24, 38, 46]",74
1001,"[3, 6, 11, 24, 130]",21
1002,"[6, 11, 34, 39, 72]",30
1003,"[6, 8, 11, 21]",105
1004,"[6, 8, 11]",48
1006,"[6, 9, 12]",82
1007,"[6, 39]",5
1008,"[3, 6, 14]",4
1009,[9],2203
1010,"[3, 6, 14]",15
1011,"[3, 6, 9, 12, 14, 34, 46, 48]",1336
1012,"[6, 9, 12]",27
1013,"[9, 12]",65
1014,"[6, 48, 49]",18
1015,"[6, 8, 11, 14, 21]",102
1016,"[6, 8, 9, 11]",52
1017,"[3, 6, 14]",32
1018,"[3, 6, 14]",0
1020,"[6, 9, 12, 48, 49, 167, 169]",3426
1021,"[6, 9, 12]",63
1022,"[5, 18, 21, 24, 37, 41, 51]",521
1023,"[3, 6]",5
1024,"[3, 6, 14]",3
1025,"[5, 18, 37, 41, 51]",198
1026,"[5, 19, 41, 58, 137, 306]",1112
1027,"[22, 37]",130
1028,[33],157
1029,"[4, 5, 41]",1366
1030,"[4, 5, 41]",553
1032,"[22, 37]",118
1033,[21],698
1034,[21],43
1035,"[24, 37, 41]",282
1036,[21],541
1037,"[20, 41]",187
1038,"[20, 41]",128
1039,[37],285
1040,"[6, 9, 12]",175
1041,"[22, 37]",103
1042,"[6, 8, 11, 12]",122
1043,"[6, 9, 12]",34
1044,[6],8
1045,"[3, 6, 14]",18
1046,"[6, 13, 50]",10
1047,"[6, 8, 11, 14, 21]",70
1048,"[6, 8, 11, 12]",376
1049,"[6, 8, 11, 14]",201
1050,[6],206
1051,"[6, 9, 12, 39, 49, 74]",696
1052,"[6, 9, 12, 14]",104
1054,"[3, 6, 9, 14]",3
1055,"[3, 6]",39
1056,"[6, 9, 12]",0
1057,"[6, 12, 14, 39]",0
1058,[9],207
1059,"[6, 9, 12]",148
1060,"[13, 16]",13
1062,"[6, 12]",639
1063,"[33, 37]",102
1064,[6],18
1065,"[6, 9, 12, 46]",62
1066,"[5, 37, 41, 51, 130]",90
1067,"[5, 18, 37, 41, 99, 130]",400
1068,"[5, 18, 37, 41, 99]",1083
1069,"[33, 37]",210
1070,"[5, 19, 41, 58, 137]",1198
1071,"[33, 37]",126
1072,"[33, 37]",84
1073,"[19, 58, 306]",461
1074,"[4, 5, 41]",1238
1075,[21],368
1076,"[20, 41]",241
1077,"[5, 41]",730
1078,"[5, 41]",556
1079,[37],272
1080,[37],92
1081,"[6, 14, 48, 49, 167, 169, 170]",189
1082,"[6, 9, 12, 48, 49, 130]",333
1083,"[7, 9, 13, 32]",19
1086,[52],165
1087,[52],50
1088,[52],27
1089,"[33, 37]",45
1090,"[5, 19, 41, 58, 137]",390
1091,"[33, 37]",14
1092,"[5, 19, 24, 37, 41, 58, 137]",242
1093,"[33, 37]",11
1094,"[5, 19, 41, 58, 137]",158
1095,"[22, 33, 37]",6
1096,"[4, 41]",109
1097,[21],22
1098,"[24, 41]",4
1099,"[20, 41]",10
1100,"[5, 41]",138
1101,"[5, 18, 37, 41, 51, 52]",164
1102,"[33, 37]",54
1103,"[5, 19, 37, 41, 130, 137]",647
1104,"[24, 37, 41, 47]",199
1105,"[5, 21, 41]",558
1107,"[24, 41]",187
1108,[21],130
1109,[20],11
1110,"[20, 41]",42
1111,"[5, 41]",93
1112,"[5, 41]",31
1113,"[5, 41]",60
1114,"[5, 6, 13, 15, 16, 18, 24, 37, 41, 51, 52]",229
1115,"[27, 41]",7
1116,"[5, 18, 37, 41, 51]",91
1117,"[8, 52]",10
1118,"[33, 37]",28
1119,"[5, 18, 37, 41]",106
1120,"[51, 55, 99]",5
1121,"[6, 9, 12, 41, 48, 49, 170]",734
1122,"[6, 9, 12, 41]",570
1123,"[22, 33]",30
1124,"[5, 19, 37, 41, 137]",135
1125,[33],11
1127,[29],68
1128,"[7, 9, 12, 32, 34, 38, 39, 46]",450
1129,[33],16
1130,[4],29
1131,[4],12
1132,"[24, 41]",75
1133,"[24, 41]",61
1134,"[24, 41]",144
1135,[8],34
1136,[20],70
1137,"[8, 11]",25
1138,[20],60
1139,"[5, 150]",84
1141,[20],62
1142,[5],11
1144,"[3, 6]",9
1146,[5],8
1147,"[9, 12]",11
1149,[37],22
1150,"[6, 7]",122
1151,"[6, 7, 8, 11]",59
1152,[6],33
1156,"[6, 7, 9, 14, 38, 46]",210
1157,"[6, 7, 9, 14, 38, 46]",119
1158,"[6, 7, 9, 14, 23, 38, 46]",98
1159,"[6, 8, 14]",84
1160,"[6, 7, 9, 14, 23, 38, 46]",69
1161,"[6, 8, 9, 11, 12, 21, 38, 113]",194
1162,"[5, 6, 8, 12, 14, 38, 113]",164
1163,"[5, 6, 8, 9, 12, 14, 82, 113]",173
1164,"[3, 6, 9, 12, 14]",1656
1165,[20],7
1166,[20],2
1168,"[7, 13, 32]",30
1169,[7],7
1170,"[6, 7]",30
1172,"[24, 41]",88
1173,"[24, 41]",50
1174,[20],21
1175,[7],18
1176,[7],6
1177,"[19, 55, 306]",11
1178,[19],19
1179,"[22, 37]",4
1181,[20],1
1182,"[6, 9, 12]",87
1183,[6],186
1184,"[6, 12, 48, 49]",114
1185,"[7, 9, 38]",469
1186,"[7, 9, 38]",339
1187,"[7, 9, 38]",357
1188,"[8, 11, 12, 21]",125
1189,"[7, 8, 11]",75
1190,"[5, 8, 12, 20, 24, 38]",74
1191,"[5, 8, 12, 20, 38]",43
1192,"[7, 9]",310
1193,"[8, 11, 21, 24, 42]",54
1194,"[8, 11, 21, 38]",51
1195,"[7, 9]",131
1196,[20],5
1197,[24],25
1198,[24],12
1199,[24],10
1200,[58],30
1201,"[7, 8]",20
